session,s_open,s_close,us_open,us_close,fx_open,fx_close,tw_open,tw_close,bars,ds_cc,ds_overnight,ds_intraday,c_us_on,c_us_id,c_us_cc,c_fx_on,c_fx_id,c_fx_cc,c_tw_on,c_tw_id,c_tw_cc
2026-01-06 00:00:00+08:00,0.666570986620735,0.9943517792166736,7.88,8.12,31.459,31.469,49.25,50.6,390,,,0.3277807925959386,,3.00022503037987,,,0.03178235470434764,,,-2.7042208675322073,
2026-01-07 00:00:00+08:00,0.3343433624533851,0.3903438115927236,8.91,8.935,31.418,31.46,55.8,56.0,390,-0.60400796762395,-0.6600084167632885,0.05600044913933849,9.284408730913142,0.2801907128673353,9.564599443780478,-0.16219571988063503,0.13359205523839,-0.028603664642245036,-9.782229309384526,-0.35778213478841236,-10.140011444172938
2026-01-08 00:00:00+08:00,-0.4222797408232457,-1.4155708058145593,8.54,8.52,31.541,31.534,54.1,54.5,390,-1.8059146174072829,-0.8126235524159693,-0.9932910649913136,-4.521514081091303,-0.23446669592541344,-4.755980777016717,0.25713891725933535,-0.02219579874352138,0.23494311851581398,3.4517504882713386,-0.7366515816762426,2.715098906595096
2026-01-09 00:00:00+08:00,-1.0323188426948622,-1.6083700931998908,8.81,8.785,31.568,31.588,56.2,56.4,390,-0.19279928738533147,0.3832519631196971,-0.5760512505050286,3.347109910686398,-0.2841718309027696,3.0629380797836285,0.10776204649696992,0.06333523550750066,0.17109728200447058,-3.071605523044695,-0.35524016043677004,-3.426845683481465
2026-01-12 00:00:00+08:00,-0.5188380094756773,-0.7101234683653893,8.8,8.855,31.597,31.565,55.9,56.3,390,0.8982466248345015,1.0895320837242135,-0.19128545888971205,0.17059998451003044,0.6230549750635942,0.7936549595736246,0.028487774189651677,-0.10132675576421198,-0.0728389815745603,0.8904778342959722,-0.7130154984591269,0.17746233583684523
2026-01-13 00:00:00+08:00,-0.417203012479642,-1.1797485492815674,8.77,8.66,31.567,31.611,55.6,55.4,390,-0.46962508091617805,0.29292045588574733,-0.7625455368019254,-0.9645464850705311,-1.2622083809747833,-2.2267548660453143,0.00633593106717725,0.13928901552394624,0.1456249465911235,1.2511333889107978,0.3603607503298656,1.6114941392406634
2026-01-14 00:00:00+08:00,0.4552276488646397,1.74520783381803,8.6,8.795,31.597,31.529,54.1,54.5,390,2.9249563830995973,1.634976198146207,1.2899801849533903,-0.6952519314881752,2.2421174930059524,1.546865561517777,-0.04429819082691888,-0.21544221494163618,-0.25974040576855506,2.3745407900802284,-0.7366515816762426,1.637889208403986
2026-01-15 00:00:00+08:00,1.1162413664403454,0.1775781753734016,8.885,8.78,31.583,31.548,55.5,55.3,390,-1.5676296584446283,-0.6289664673776845,-0.9386631910669438,1.0181083417093082,-1.188805395958942,-0.17069705424963377,0.17112439212067446,-0.11088056132770507,0.06024383079296938,-1.8182319083190328,0.36101122240997857,-1.4572206859090542
2026-01-16 00:00:00+08:00,0.0534099238908695,-0.4563150181862752,9.3,9.295,31.576,31.593,58.7,59.0,390,-0.6338931935596768,-0.12416825148253209,-0.5097249420771447,5.753799251218512,-0.05377789858029807,5.700021352638213,0.08871428248016579,0.05382387060238479,0.14253815308255058,-5.966681830576172,-0.5097717071668579,-6.47645353774303
2026-01-20 00:00:00+08:00,0.1299155548893155,-4.868099754215343,10.735,10.8,31.62,31.661,67.8,71.8,389,-4.411784736029068,0.5862305730755907,-4.998015309104658,14.403281015733699,0.6036702799429714,15.00695129567667,0.08542547147561352,0.129580776969338,0.21500624844495153,-13.902475104063033,-5.732228110782856,-19.63470321484589
2026-01-21 00:00:00+08:00,-3.26518262454016,-2.5663955900902984,10.97,11.13,31.586,31.613,71.6,72.2,390,2.301704164125044,1.6029171296751827,0.6987870344498615,1.561814015696496,1.4479891000314649,3.0098031157279608,-0.2371655103156691,0.08544439514126936,-0.15172111517439973,0.27894020875786363,-0.8344971932180688,-0.5555569844602052
2026-01-22 00:00:00+08:00,-0.3709925801484027,-0.7194865409897738,10.83,10.875,31.6,31.588,68.7,69.2,390,1.8469090491005247,2.1954030099418955,-0.34849396084137113,-2.7324104274554246,0.4146515961848618,-2.317758831270563,-0.04113078064091138,-0.03798189575319113,-0.07911267639410251,4.969084667047687,-0.7251663395320207,4.243918327515666
2026-01-23 00:00:00+08:00,0.1170124164260304,-0.0529868028207125,10.38,10.535,31.588,31.355,65.5,66.1,390,0.6664997381690614,0.8364989574158043,-0.16999921924674288,-4.65856992370051,1.4822169518409638,-3.1763529718595462,0.0,-0.7403557640350362,-0.7403557640350362,5.495071998241763,-0.9118604216434338,4.5832115765983295
2026-01-26 00:00:00+08:00,-0.8382534556559338,-0.2813518817581504,11.219,11.34,31.467,31.437,71.2,71.5,390,-0.2283650789374379,-0.7852666528352212,0.5569015738977834,6.290572230667521,1.0727528736778502,7.363325104345371,0.3565633652592284,-0.09538344866621583,0.26117991659301254,-7.4324071560289555,-0.42046312820318704,-7.852870284232143
2026-01-27 00:00:00+08:00,0.1900356127959733,-1.4818301739417887,12.67,12.49,31.433,31.239,79.5,79.2,390,-1.2004782921836383,0.4713874945541237,-1.671865786737762,11.090069603344174,-1.4308670195561357,9.659202583788039,-0.01272466997104173,-0.6190982245335231,-0.6318228945045649,-10.605957196032422,0.37807228399060444,-10.227884912041818
2026-01-28 00:00:00+08:00,0.6348518678296976,-0.9293570439675968,11.79,11.365,31.369,31.296,73.5,71.8,389,0.552473129974192,2.1166820417714862,-1.5642089117972944,-5.767660958820682,-3.671325724477293,-9.438986683297975,0.4152829888562757,-0.232985025202461,0.18229796365381468,7.469089260158923,2.3400930164612586,9.80918227662018
2026-01-29 00:00:00+08:00,1.9124231747600955,3.961161690148676,10.74,10.565,31.367,31.365,66.1,63.7,390,4.890518734116273,2.8417802187276924,2.048738515388581,-5.656336822378788,-1.6428438012698716,-7.29918062364866,0.22660910069126047,-0.006376331061275856,0.22023276962998461,8.271572919653792,3.6984184279522845,11.969991347606076
2026-01-30 00:00:00+08:00,2.908044871268448,2.381735042034781,10.3,10.17,31.485,31.569,63.0,62.7,390,-1.5794266481138952,-1.0531168188802282,-0.526309829233667,-2.540275583242984,-1.2701685175121633,-3.8104441007551473,0.38186203919994854,0.2664384486078711,0.6483004878078196,1.1049836186585047,0.477327875265766,1.5823114939242706
2026-02-02 00:00:00+08:00,1.275655191741363,1.93076110811776,9.86,10.04,31.587,31.58,61.5,62.2,390,-0.4509739339170209,-1.106079850293418,0.655105916376397,-3.0956041445924596,1.8090945649039045,-1.286509579688555,0.05700171159470994,-0.022163471523599033,0.0348382400711109,1.9324272826402928,-1.1317824932661658,0.8006447893741271
2026-02-03 00:00:00+08:00,1.56982783910588,3.3167108183078367,9.77,9.85,31.556,31.589,60.7,60.2,390,1.3859497101900766,-0.36093326901188005,1.7468829792019567,-2.726064820889174,0.8154989129306165,-1.9105659079585575,-0.07602635946527636,0.10452134928906866,0.028494989823792297,2.441130167968116,0.8271345750677194,3.2682647430358354
2026-02-04 00:00:00+08:00,1.1735713965486645,2.6804490718924234,9.975,9.935,31.546,31.637,62.2,61.2,390,-0.6362617464154132,-2.143139421759172,1.506877675343759,1.2610507591929732,-0.40180867721469155,0.8592420819782816,-0.13621606604516337,0.288052365104755,0.15183629905959165,-3.2682647430358402,1.620781022685331,-1.6474837203505093
2026-02-05 00:00:00+08:00,1.2129873077253364,2.3349939703363,9.785,9.975,31.654,31.658,61.2,61.7,390,-0.34545510155612336,-1.467461764167087,1.1220066626109637,-1.5213275155740689,1.9231361927887591,0.40180867721469027,0.05372011947616347,0.012635835245516668,0.06635595472168014,-0.0,-0.8136741393061704,-0.8136741393061704
2026-02-06 00:00:00+08:00,1.2919962860527827,0.703678672930316,10.09,10.055,31.625,31.599,63.0,63.1,390,-1.6313152974059841,-1.0429976842835174,-0.5883176131224667,1.1462871589590533,-0.34748111409022364,0.7988060448688297,-0.10429342158623117,-0.08224725251697461,-0.1865406741032058,-2.085079548019057,-0.15860431556347795,-2.243683863582535
2026-02-09 00:00:00+08:00,0.4074239255765894,0.4543695117045905,9.96,10.05,31.554,31.536,62.6,63.1,390,-0.24930916122572555,-0.29625474735372664,0.04694558612800109,-0.9492951628108414,0.8995562908577783,-0.049738871953063035,-0.14251106872525227,-0.05706134248976241,-0.19957241121501468,0.7955491441114628,-0.7955491441114679,-5.10702591327572e-15
2026-02-10 00:00:00+08:00,1.8084185219910736,0.4525806164745843,10.05,9.905,31.51,31.49,62.2,62.1,390,-0.0017888952300061933,1.354049010286483,-1.3558379055164893,0.0,-1.4532954354570675,-1.4532954354570675,-0.08247946411811438,-0.06349206562500216,-0.14597152974311656,1.4365769802033639,0.16090108057006625,1.59747806077343
2026-02-11 00:00:00+08:00,-0.1679330151724401,0.918280786352222,10.09,10.29,31.414,31.336,63.5,63.9,390,0.4657001698776377,-0.6205136316470244,1.086213801524662,1.850515421500334,1.9627715480440622,3.8132869695443965,-0.24163816920925596,-0.248605705731049,-0.49024387494030497,-2.2293916959212763,-0.6279455484843102,-2.8573372444055867
2026-02-23 00:00:00+08:00,0.3638140548270258,0.7277508248371322,10.44,10.43,31.436,31.436,65.4,65.1,390,-0.19052996151508983,-0.5544667315251962,0.3639367700101064,1.4472032608534469,-0.09583134418115909,1.3513719166722877,0.3186136640398348,0.0,0.3186136640398348,-2.3202897079664013,0.45977092486296545,-1.8605187831034358
2026-02-24 00:00:00+08:00,-0.2231998217725098,-1.31635368162069,11.02,10.92,31.418,31.361,69.4,69.4,390,-2.0441045064578223,-0.950950646609642,-1.0931538598481803,5.502553471208732,-0.9115833408009382,4.590970130407794,-0.0572755926180494,-0.1815894348842535,-0.2388650275023029,-6.396231829823544,-0.0,-6.396231829823544
2026-02-25 00:00:00+08:00,0.7978244811079718,0.6660867295627626,10.54,10.555,31.321,31.283,65.5,65.6,390,1.9824404111834526,2.1141781627286615,-0.13173775154520917,-3.5418427203542815,0.14221381870677025,-3.399628901647511,-0.12762836358018897,-0.12139800864758608,-0.24902637222777507,5.783672487155268,-0.15255533088369702,5.631117156271571
2026-02-26 00:00:00+08:00,0.4162359072767346,0.8600322298221231,10.51,10.31,31.243,31.257,65.4,63.9,390,0.19394550025936053,-0.249850822286028,0.44379632254538853,-0.42724964114241576,-1.9212886859991167,-2.3485383271415325,-0.12794679159644368,0.044800000749312674,-0.083146790847131,0.30534374868901204,2.320289707966398,2.62563345665541
2026-03-02 00:00:00+08:00,0.4350080956138637,0.6244103071830679,10.26,10.52,31.374,31.374,64.1,65.6,390,-0.23562192263905524,-0.4250241342082594,0.18940221156920417,-0.48614582862452005,2.502536756694038,2.016390928069518,0.37361733358922,0.0,0.37361733358922,-0.3125002543135059,-2.3131332023418927,-2.6256334566553985
2026-03-03 00:00:00+08:00,2.625941498329072,2.736960003544264,9.96,9.89,31.695,31.695,61.5,61.0,390,2.112549696361196,2.001531191146004,0.11101850521519196,-5.470113571305683,-0.7052925961886096,-6.175406167494293,1.017941530208131,0.0,1.017941530208131,6.453852113757105,0.8163310639160981,7.2701831776732035
2026-03-04 00:00:00+08:00,2.3724589869657478,1.0829586814679428,9.92,9.895,31.639,31.619,61.3,61.9,390,-1.654001322076321,-0.3645010165785161,-1.289500305497805,0.3028775662160569,-0.2523342242252415,0.050543341990815394,-0.17684028987219302,-0.06323311096274173,-0.24007340083493475,-0.49059787688544054,-0.9740336748384805,-1.464631551723921
2026-03-05 00:00:00+08:00,1.1607242720618256,0.7896459124889125,9.87,9.77,31.775,31.775,62.0,61.6,390,-0.29331276897903036,0.07776559059388277,-0.37107835957291313,-0.2529725609138866,-1.0183387390698826,-1.2713112999837692,0.4921611347737321,0.0,0.4921611347737321,-0.1614205354541201,0.6472514505617479,0.4858309151076278
2026-03-06 00:00:00+08:00,1.9026174842514905,1.511856493072237,9.69,9.59,31.87,31.865,60.6,60.2,390,0.7222105805833244,1.112971571762578,-0.39076099117925356,-0.8222040152016531,-1.0373537007327944,-1.8595577159344474,0.29853113537274634,-0.015689966298768877,0.28284116907397744,1.636697746420536,0.6622540760493383,2.298951822469874
2026-03-09 00:00:00+08:00,0.933095374715374,1.376738768264987,9.48,9.73,31.889,31.833,59.9,61.1,390,-0.13511772480724993,-0.578761118356863,0.443643393549613,-1.1536572628416402,2.6029579930983324,1.4493007302566923,0.07528939716315225,-0.17576351783260738,-0.10047412066945513,0.4995847193371778,-1.9835361056146115,-1.4839513862774336
2026-03-10 00:00:00+08:00,1.0267546541291646,0.3323017168922241,9.6,9.46,31.783,31.765,60.4,59.9,390,-1.0444370513727628,-0.3499841141358224,-0.6944529372369405,-1.3450797724123216,-1.469071541000348,-2.81415131341267,-0.15719319132200882,-0.05665009278462043,-0.21384328410662926,1.1522761236780374,0.8312599819365586,1.9835361056145961
2026-03-11 00:00:00+08:00,0.7582131713305653,0.1063881828478155,9.8,9.705,31.822,31.77,61.9,61.6,390,-0.22591353404440861,0.4259114544383412,-0.6518249884827498,3.531000261273929,-0.9741169055552718,2.556883355718657,0.179281976716825,-0.16354262042399384,0.015739356292831158,-3.284367456914684,0.48583091510762944,-2.7985365418070547
2026-03-12 00:00:00+08:00,0.3742154449673715,1.3646685683498418,9.5,9.36,31.803,31.896,60.2,58.9,390,1.2582803855020264,0.26782726211955604,0.9904531233824703,-2.1349418014478423,-1.4846508116994586,-3.619592613147301,0.10381766776454869,0.2919985119983514,0.3958161797629001,2.298951822469872,2.183126165723442,4.482077988193314
2026-03-13 00:00:00+08:00,0.2591844798528127,1.2064410460854071,9.42,9.29,31.983,32.14,60.1,59.0,390,-0.1582275222644347,-1.1054840884970292,0.9472565662325945,0.6389798098770988,-1.389653576252465,-0.7506737663753663,0.27239015573937897,0.48968486729187916,0.7620750230312581,-2.0168750883620845,1.847239763544243,-0.1696353248178415
2026-03-16 00:00:00+08:00,0.1165724088301365,0.1306517848465055,9.53,9.48,31.989,31.951,60.9,60.5,390,-1.0757892612389017,-1.0898686372552706,0.014079376016368994,2.550616484036352,-0.5260401399180165,2.0245763441183358,-0.4709266605214385,-0.11886144658705765,-0.5897881071084962,-3.1695730810131932,0.6589809679055553,-2.510592113107638
2026-03-17 00:00:00+08:00,0.2758427127586315,0.0636628970418828,9.56,9.52,31.887,31.848,60.8,60.6,390,-0.0669888878046227,0.14519092791212598,-0.21217981571674868,0.8403410796379379,-0.4192878260036039,0.421053253634334,-0.2005076018727362,-0.1223817521538312,-0.3228893540265674,-0.4946423935325395,0.32948958968525377,-0.16515280384728576
2026-03-18 00:00:00+08:00,-0.0600477262061483,-0.6050388865991118,9.485,9.29,31.926,31.991,60.6,59.8,390,-0.6687017836409945,-0.1237106232480311,-0.5449911603929635,-0.36832454162964046,-2.0773050561230466,-2.445629597752687,0.24461391442710906,0.2033888399240806,0.44800275435118964,-0.0,1.3289232118682766,1.3289232118682766
2026-03-19 00:00:00+08:00,0.3757081136430133,0.0633076283995118,9.08,9.25,31.948,31.858,57.8,58.9,390,0.6683465149986235,0.980747000242125,-0.3124004852435015,-2.2864360212545125,1.8549358911131988,-0.4315001301413137,-0.13450321863854614,-0.28210531826960356,-0.4166085369081497,3.4016885278254243,-1.8852314979209195,1.5164570299045048
2026-03-20 00:00:00+08:00,1.0256641708733478,1.887277802579326,9.07,9.12,31.969,32.013,57.4,57.3,390,1.8239701741798142,0.9623565424738361,0.8616136317059782,-1.9651287397288615,0.5497539959194563,-1.415374743809405,0.34781553857286734,0.13753870443621768,0.48535424300908503,2.5796787332020306,0.174367960482684,2.7540466936847148
2026-03-23 00:00:00+08:00,0.897122369905339,0.9846475921294994,9.14,9.075,31.849,31.827,57.7,57.2,390,-0.9026302104498266,-0.990155432673987,0.08752522222416037,0.21905813798186818,-0.7137005315144279,-0.49464239353255973,-0.5136085951521027,-0.0690998205772223,-0.582708415729325,-0.6956549793360152,0.8703275128301701,0.1746725334941549
2026-03-24 00:00:00+08:00,1.3420138083122697,1.290371521465938,8.96,9.04,31.955,31.936,56.5,57.0,390,0.30572392933643855,0.3573662161827703,-0.051642286846331764,-1.275315316407521,0.8888947417245774,-0.38642057468294366,0.4013676957000815,-0.05947629731915962,0.3418913983809219,1.2313260233357013,-0.8810629682154906,0.3502630551202107
2026-03-25 00:00:00+08:00,1.007299704351286,-0.4358403361726224,9.37,9.29,31.91,31.938,59.2,59.6,390,-1.7262118576385603,-0.283071817114652,-1.4431400405239083,3.585392184624577,-0.8574543424583683,2.7279378421662086,-0.08144598389013608,0.08770831285232082,0.006262328962184746,-3.7870274055409965,-0.673403218134412,-4.460430623675409
2026-03-26 00:00:00+08:00,-0.0395725952418876,1.1108187180843347,9.06,9.03,31.941,31.97,57.9,57.1,390,1.5466590542569572,0.3962677409307348,1.1503913133262222,-2.506943277085899,-0.3316752625994038,-2.8386185396853025,0.009392758190349336,0.09075120711712888,0.10014396530747821,2.893818949235462,1.3913267916985002,4.285145740933962
2026-03-27 00:00:00+08:00,0.8634377148054169,0.3963296623185215,9.035,8.87,31.985,32.032,57.3,56.6,390,-0.7144890557658132,-0.24738100327891788,-0.46710805248689535,0.05535566152978599,-1.8431127722703777,-1.7877571107405918,0.04690798303508933,0.14683602307090696,0.1937440061059963,-0.3496507058729306,1.229163851155651,0.8795131452827205
2026-03-30 00:00:00+08:00,0.123623364536867,-0.1715963757337003,8.96,8.6,32.015,32.038,57.3,55.2,390,-0.5679260380522217,-0.2727062977816545,-0.2952197402705673,1.0095430665351155,-4.100802372737713,-3.091259306202598,-0.053086016204441984,0.07181553085261021,0.018729514648168223,-1.2291638511556497,3.733767043764412,2.504603192608762
2026-03-31 00:00:00+08:00,-1.002681919791091,-1.5340969374850844,8.8,8.98,32.007,31.912,56.9,58.2,390,-1.3625005617513841,-0.8310855440573908,-0.5314150176939934,2.298951822469878,2.0248160829947492,4.323767905464628,-0.09680694018577894,-0.2972514274328359,-0.39405836761861485,-3.0332387849235634,-2.2590013605107067,-5.2922401454342705
2026-04-01 00:00:00+08:00,-0.1305991138801015,-0.0663634766654318,8.995,8.96,31.976,32.01,57.6,57.4,390,1.4677334608196526,1.4034978236049829,0.06423563721466971,0.16689850883881618,-0.3898640415657086,-0.2229655327268924,0.20035068059168865,0.10627325727493146,0.3066239378666201,1.036278703554666,0.347826437632492,1.3841051411871579
2026-04-02 00:00:00+08:00,-0.1632551036747802,0.8726782080717572,8.32,8.675,31.979,31.92,53.3,54.9,390,0.939041684737189,-0.09689162700934839,1.0359333117465375,-7.410797215372196,4.178307099980581,-3.232490115391615,-0.09689166083304641,-0.18466647918330026,-0.28155814001634666,7.410797215372196,-2.957701734368605,4.453095481003591
2026-04-07 00:00:00+08:00,0.0409400714451516,0.1302995404732778,9.11,9.31,31.956,31.889,58.2,59.3,390,-0.7423786675984794,-0.8317381366266057,0.08935946902812619,4.892738543894384,2.171638001710881,7.064376545605265,0.11271840381874916,-0.20988338819065508,-0.09716498437190592,-5.837200622190726,-1.8723951266287564,-7.709595748819482
2026-04-08 00:00:00+08:00,-0.2884584173103437,0.0757746134919211,9.51,9.47,31.717,31.703,60.5,60.0,390,-0.05452492698135669,-0.4187579577836215,0.3642330308022648,2.125478526832311,-0.42149693593119236,1.7039815909011184,-0.5408307997574504,-0.04415011109243388,-0.5849809108498842,-2.00340590331161,0.8298802814695065,-1.1735256218421033
2026-04-09 00:00:00+08:00,0.2410225235904622,-0.1403132460550593,9.46,9.525,31.789,31.714,60.0,60.5,390,-0.2160878595469804,0.1652479100985411,-0.3813357696455215,-0.10565241341999848,0.6847537948977664,0.5791013814777679,0.27090043657168894,-0.23620942277312135,0.034691013798567594,-0.0,-0.8298802814695064,-0.8298802814695064
2026-04-10 00:00:00+08:00,-0.3624476533069287,-0.6068583227608959,9.81,9.74,31.74,31.737,62.5,62.2,390,-0.4665450767058366,-0.2221344072518694,-0.24441066945396722,2.9482352564507175,-0.7161155922828064,2.232119664167911,0.08194913308872946,-0.009452242551580253,0.07249689053714921,-3.252319170555993,0.48115569972219696,-2.771163470833796
2026-04-13 00:00:00+08:00,0.2546587199873815,0.2130012953807723,9.5,9.705,31.765,31.649,60.2,61.3,390,0.8198596181416682,0.8615170427482775,-0.04165742460660918,-2.4949319047948615,2.1349418014478516,-0.35999010334700987,0.08818620457493694,-0.36585022040813636,-0.27766401583319944,3.2682647430358416,-1.8107490627390206,1.457515680296821
2026-04-15 00:00:00+08:00,-0.6219343960515199,-0.5842229386216055,9.86,9.96,31.598,31.592,62.7,63.3,390,-0.7972242340023777,-0.8349356914322922,0.03771145742991444,1.5844951993570464,1.009090298196294,2.5935854975533403,-0.16127250637579332,-0.018990346630901652,-0.18026285300669498,-2.258160469670931,-0.9523881511255321,-3.2105486207964633
2026-04-16 00:00:00+08:00,-2.977967368485865,-1.975079705487796,10.46,10.605,31.551,31.572,68.0,68.3,390,-1.3908567668661904,-2.3937444298642596,1.002887662998069,4.8981387040269935,1.3767129379868805,6.274851642013874,-0.1298639778347219,0.06653676401550361,-0.06332721381921828,-7.162237602597625,-0.4402061400637665,-7.602443742661392
2026-04-17 00:00:00+08:00,-2.9731288149983373,-2.6060457912772392,11.745,11.67,31.489,31.474,76.2,75.4,390,-0.6309660857894432,-0.9980491095105413,0.367083023721098,10.21020300942303,-0.6406171812411404,9.56958582818189,-0.2632373350510403,-0.04764703169728718,-0.3108843667483275,-10.945169611585628,1.0554187678690146,-9.889750843716614
2026-04-20 00:00:00+08:00,-1.4805492226646064,-2.079453711876793,12.33,12.625,31.445,31.419,78.7,81.0,390,0.5265920794004462,1.1254965686126328,-0.5989044892121866,5.501387087778842,2.3643657985170545,7.865752886295897,-0.09218201832059177,-0.08271825363482983,-0.1749002719554216,-4.283588040944712,-2.8805999249081222,-7.164187965852834
2026-04-21 00:00:00+08:00,-0.4793419730629218,0.1534074018097777,12.28,12.315,31.445,31.514,77.6,77.5,390,2.2328611136865706,1.6001117388138713,0.6327493748726996,-2.7707052442427145,0.28461088535047774,-2.486094358892237,0.08271825363482688,0.2191903544387006,0.3019086080735275,4.288172748326581,0.12894908298716395,4.417121831313745
2026-04-22 00:00:00+08:00,-0.0464127657283109,-1.187917786271232,12.71,12.715,31.496,31.476,80.1,81.0,390,-1.3413251880810098,-0.1998201675380886,-1.1415050205429211,3.15710536288615,0.03933136727201411,3.196436730158164,-0.057133789841738315,-0.06352029686994135,-0.12065408671167965,-3.2997917715012135,-1.1173300598125255,-4.4171218313137395
2026-04-23 00:00:00+08:00,-0.6092104710330678,-0.8813537930817081,12.02,12.0,31.546,31.554,76.3,76.4,390,0.3065639931895239,0.5787073152381642,-0.27214332204864033,-5.621046976702149,-0.1665279319061209,-5.78757490860827,0.22214473925454628,0.025356576997973192,0.24750131625251948,5.977621638202744,-0.130975788206351,5.846645849996393
2026-04-24 00:00:00+08:00,-0.3907606820913665,-0.2180980398182686,12.185,12.28,31.473,31.446,77.0,77.4,390,0.6632557532634396,0.49059311099034164,0.17266264227309788,1.5299037289169206,0.7766235641826735,2.3065272930995944,-0.25703284178039004,-0.0858246369373834,-0.34285747871777345,-0.7822725681208857,-0.5181358741997585,-1.3004084423206441
2026-04-27 00:00:00+08:00,0.3315910133764765,0.2325712001802618,11.72,11.695,31.418,31.454,73.4,73.4,390,0.4506692399985304,0.5496890531947451,-0.0990198131962147,-4.667513857012976,-0.2135384112724268,-4.881052268285402,-0.08908119703362176,0.11451839907856275,0.025437202044940987,5.306284497521156,-0.0,5.306284497521156
2026-04-28 00:00:00+08:00,-1.1652754757552046,-1.152511844613883,11.7,11.65,31.511,31.523,74.6,74.3,390,-1.3850830447941447,-1.3978466759354664,0.01276363114132173,0.04274417675679304,-0.4282661792000736,-0.38552200244328055,0.18105301539138022,0.03807469030988706,0.21912770570126727,-1.6216571589245072,0.40295554860016886,-1.2187016103243384
2026-04-29 00:00:00+08:00,-2.4639607742734526,-0.83805118281059,12.2,12.73,31.589,31.627,79.0,81.2,390,0.3144606618032929,-1.3114489296595697,1.6259095914628627,4.6129771727501145,4.25254608301044,8.865523255760554,0.2091520600187652,0.12022274290350816,0.3293748029222734,-6.133690074330807,-2.74673947006107,-8.880429544391877
2026-04-30 00:00:00+08:00,-0.2952583314377042,0.8186669722243192,12.57,13.05,31.609,31.56,79.7,81.7,390,1.656718155034909,0.5427928513728858,1.1139253036620234,-1.2648389967159062,3.7475111166546484,2.4826721199387425,-0.05692959860251729,-0.15513941910705106,-0.21206901770956835,1.864566137146286,-2.4784416069787825,-0.6138754698324964
2026-05-04 00:00:00+08:00,1.1811351499533709,0.2756147743370474,13.27,12.97,31.607,31.66,82.9,81.9,390,-0.5430521978872718,0.3624681777290517,-0.9055203756163235,1.6717714575413731,-2.286685001576352,-0.6149135440349787,0.14881190708266578,0.16754394043659984,0.3163558475192656,-1.4581060275292153,1.213607128222556,-0.24449889930665925
2026-05-05 00:00:00+08:00,-0.1234689073644392,0.2521731291049655,13.49,13.995,31.577,31.555,85.3,88.1,390,-0.02344164523208192,-0.3990836817014866,0.3756420364694047,3.9309671891311986,3.6751452747752356,7.606112463906435,-0.26250469712938845,-0.06969524453693492,-0.3321999416663234,-4.067546363860955,-3.22980784445003,-7.297354208310985
2026-05-06 00:00:00+08:00,-2.902377404066161,-3.3317617311081573,15.22,15.23,31.433,31.373,98.5,98.8,390,-3.5839348602131227,-3.1545505331711263,-0.42938432704199636,8.391022946612313,0.06568144735307536,8.456704393965389,-0.38737585749989356,-0.19106460609763157,-0.5784404635975251,-11.158401523590937,-0.30410565757789204,-11.46250718116883
2026-05-07 00:00:00+08:00,-1.7203643690458532,-1.2380145957681483,15.285,15.16,31.35,31.403,97.5,96.4,390,2.093747135340009,1.611397362062304,0.4823497732777049,0.36047884357273924,-0.8211575128572216,-0.46067866928448237,-0.07333833212978048,0.16891626727627607,0.09557793514649558,1.3245226750020567,1.1346176387301454,2.459140313732202
2026-05-08 00:00:00+08:00,-0.9123166238344927,-0.522663355658501,14.55,15.41,31.328,31.309,92.0,97.0,390,0.7153512401096473,0.3256979719336556,0.3896532681759918,-4.106938659672407,5.742565571452287,1.6356269117798803,-0.23911634035927204,-0.060667019757462325,-0.29978336011673434,4.671762456745968,-5.292240145434253,-0.6204776886882843
2026-05-11 00:00:00+08:00,-1.394958149724903,-1.414155000651089,15.72,15.58,31.366,31.357,100.0,99.1,390,-0.891491644992588,-0.8722947940664021,-0.01919685092618595,1.9917137669036113,-0.8945746558458277,1.0971391110577837,0.1818907561707732,-0.02869760713539008,0.1531931490353831,-3.0459207484708437,0.9040744652149071,-2.1418462832559366
2026-05-12 00:00:00+08:00,-0.9220617245903078,-1.26004101070947,16.12,16.06,31.501,31.512,102.5,102.5,390,0.15411398994161907,0.49209327606078124,-0.33797928611916217,3.407269663588,-0.3729028559866709,3.0343668076013293,0.45817637185599136,0.034913430916582076,0.4930898027725734,-3.373335724252052,-0.0,-3.373335724252052
2026-05-13 00:00:00+08:00,-0.5328086889569104,-1.174239168937533,15.85,15.92,31.535,31.506,100.5,101.5,390,0.08580184177193684,0.7272323217525596,-0.6414304799806227,-1.3162208195325935,0.4406680092947396,-0.8755528102378539,0.0729614447009774,-0.09200362318372864,-0.019042178482751235,1.9705071079332444,-0.9901070982711537,0.9804000096620906
2026-05-14 00:00:00+08:00,-2.669605133111153,-2.232015538885819,16.76,17.14,31.516,31.523,108.5,110.5,390,-1.057776369948286,-1.4953659641736199,0.43758959422533383,5.141891463770019,2.2419818115696613,7.38387327533968,0.03173494996644299,0.022208474210472576,0.05394342417691556,-6.669137449867215,-1.826534797729319,-8.495672247596534
2026-05-15 00:00:00+08:00,-3.236714965231149,-2.4356436571687694,17.04,17.17,31.533,31.546,111.0,111.0,390,-0.20362811828295024,-1.0046994263453297,0.8010713080623795,-0.5851391768464125,0.7600153508214572,0.17487617397504474,0.03171783837805803,0.04121815559551286,0.0729359939735709,-0.4514680354526613,-0.0,-0.4514680354526613
2026-05-18 00:00:00+08:00,-3.43002386056512,-3.186074271562437,17.53,17.12,31.557,31.543,114.5,111.5,390,-0.7504306143936676,-0.9943802033963505,0.24394958900268282,2.0750024023758846,-2.3666328219547044,-0.29163041957881974,0.034863635996442266,-0.04437401023683854,-0.009510374240396274,-3.1044621681960107,2.655023209412084,-0.4494389587839267
2026-05-19 00:00:00+08:00,-1.9795073755882835,-2.40719773133844,17.35,17.585,31.644,31.643,112.0,114.0,390,0.778876540223997,1.2065668959741536,-0.42769035575015657,1.3345135679272124,1.3453759533077485,2.679889521234961,0.31968628362716467,-0.0031602066777696876,0.316526076949395,-0.4474280394921107,-1.7699577099400856,-2.2173857494321965
2026-05-20 00:00:00+08:00,-2.9409647876323737,-2.698114603487017,17.35,17.57,31.621,31.578,113.0,114.0,390,-0.2909168721485771,-0.5337670562939336,0.24285018414535653,-1.3453759533077587,1.2600395806137623,-0.08533637269399641,-0.06954982576763015,-0.13607812349989276,-0.20562794926752292,0.881062968215492,-0.8810629682154906,1.4432899320127035e-15
2026-05-21 00:00:00+08:00,-2.368575658657813,-2.504995336831178,18.03,18.35,31.551,31.49,116.5,118.5,390,0.193119266655839,0.3295389448292041,-0.1364196781733651,2.5844135016220027,1.759253728535336,4.3436672301573385,-0.08553913936958793,-0.19352490930677446,-0.27906404867636236,-2.1692824611259756,-1.7021687569430524,-3.871451218069028
2026-05-22 00:00:00+08:00,-1.8589468844724617,-1.7794348132050837,18.1,18.2,31.454,31.441,116.0,116.5,390,0.7255605236260945,0.6460484523587164,0.07951207126737803,-1.3717636228799195,0.5509655810969479,-0.8207980417829716,-0.11438740443994631,-0.041338739757150925,-0.15572614419709724,2.1322769468821194,-0.4301081899390702,1.7021687569430493
2026-05-26 00:00:00+08:00,-2.6948982314915204,-2.945655836728207,20.99,21.1,31.419,31.407,135.5,136.5,390,-1.1662210235231234,-0.9154634182864367,-0.25075760523668666,14.262453974979186,0.5226906649479334,14.78514463992712,-0.06999682118438212,-0.03820074537907628,-0.1081975665634584,-15.108036731400029,-0.7352974305258733,-15.843334161925902
2026-05-27 00:00:00+08:00,-4.876377526627854,-3.8429943338114296,23.14,22.22,31.383,31.398,152.5,145.0,390,-0.8973384970832226,-1.9307216898996469,1.0333831928164243,9.22896812835096,-4.056993755404663,5.1719743729462975,-0.07644529755941132,0.04778515883923113,-0.028660138720180188,-11.083998142245191,5.0430853626891965,-6.0409127795559945
2026-05-28 00:00:00+08:00,-4.046290691063976,-4.308487655605489,22.48,22.66,31.399,31.385,147.0,148.5,390,-0.4654933217940598,-0.20329635725254613,-0.26219696454151364,1.1633240814006458,0.7975230574369823,1.960847138837628,0.003184865519317837,-0.04459735038239421,-0.041412484863076374,-1.3698844358161928,-1.0152371464017909,-2.385121582217984
2026-05-29 00:00:00+08:00,-3.102544733957222,-3.9298261997508055,22.72,22.2,31.362,31.399,147.0,145.0,390,0.3786614558546839,1.2059429216482673,-0.8272814657935834,0.2644338253090202,-2.3153304974716864,-2.0508966721626662,-0.07331028106554166,0.11790763144792463,0.044597350382382966,1.0152371464017962,1.3698844358161915,2.3851215822179874
2026-06-01 00:00:00+08:00,-3.258870835512527,-4.288884570050291,22.79,22.89,31.323,31.285,147.5,149.5,390,-0.3590583702994854,0.6709553642382784,-1.0300137345377638,2.622955437935919,0.4378290706882485,3.060784508624167,-0.24233932972360742,-0.1213902525756153,-0.3637295822992227,-1.709443335930004,-1.346821705086661,-3.0562650410166654
2026-06-02 00:00:00+08:00,-2.981448089736631,-2.057892280243528,22.16,22.44,31.427,31.432,143.5,144.0,390,2.2309922898067627,1.30743648031366,0.9235558094931027,-3.2411272085392255,1.2556218775412464,-1.985505330997979,0.45286465966797046,0.015908620915205597,0.4687732805831761,4.0961357631065285,-0.3478264376324792,3.7483093254740494
2026-06-03 00:00:00+08:00,-1.3285218420862843,-0.6333498824999301,21.06,21.4,31.394,31.459,134.0,135.5,390,1.4245423977435983,0.7293704381572439,0.6951719595863542,-6.346957394866627,1.6015415321976274,-4.745415862669,-0.12096904031434039,0.20683188764957613,0.08586284733523575,7.197349962508922,-1.11318403688442,6.084165925624502
2026-06-04 00:00:00+08:00,1.191431350691224,0.5898705022949271,20.25,20.79,31.484,31.45,126.0,130.0,390,1.2232203847948573,1.8247812331911542,-0.6015608483962969,-5.523612847525762,2.6317308317373356,-2.891882015788427,0.07943695506930643,-0.1080497133754252,-0.02861275830611877,7.268973336827765,-3.125254350410453,4.143718986417312
2026-06-05 00:00:00+08:00,-2.4536527054729698,0.4152842876642734,20.52,19.72,31.503,31.571,132.5,124.0,390,-0.1745862146306537,-3.0435232077678966,2.8689369931372433,-1.3072081567352776,-3.9766671128079425,-5.28387526954322,0.16837962455164193,0.21561983177035599,0.38399945632199795,-1.9048194970694412,6.630107982124002,4.725288485054561
2026-06-08 00:00:00+08:00,0.0426502778290082,-0.3219728353982524,20.33,19.985,31.494,31.547,128.0,126.5,390,-0.7372571230625258,-0.3726340098352652,-0.3646231132272606,3.0464278465765964,-1.711563547696839,1.3348642988797574,-0.24419262114517953,0.16814458047005545,-0.07604804067512408,-3.174869831458027,1.178795575204224,-1.996074256253803
2026-06-09 00:00:00+08:00,-0.7010134022314685,0.47994310262596,20.6,19.89,31.574,31.574,131.0,125.0,390,0.8019159380242125,-0.3790405668332161,1.1809565048574284,3.0309083632248703,-3.507398292965457,-0.4764899297405867,0.08554998066168037,0.0,0.08554998066168037,-3.4955015033576635,4.688358589885038,1.1928570865273742
2026-06-10 00:00:00+08:00,1.628157391170908,0.4943180781788457,19.45,18.88,31.616,31.671,121.0,119.0,390,0.014374975552885694,1.148214288544948,-1.1338393129920623,-2.2370022801425566,-2.974390934710067,-5.211393214852624,0.1329324455922171,0.17381141102101727,0.30674385661323433,3.252319170556006,1.6667052485211646,4.919024419077171
2026-06-11 00:00:00+08:00,-1.513571584823164,-1.5613474398894454,19.93,20.66,31.63,31.57,128.0,132.5,390,-2.0556655180682912,-2.0078896630020098,-0.04777585506628146,5.412297350734882,3.5973329466789106,9.009630297413793,-0.1295398358110044,-0.18987347476571642,-0.31941331057672084,-7.2906770808087735,-3.4552381506659735,-10.745915231474747
2026-06-12 00:00:00+08:00,-2.190047711609301,-1.7566457641217643,20.9,21.61,31.597,31.601,135.0,139.0,390,-0.19529832423231896,-0.6287002717198558,0.4334019474875368,1.154969527927279,3.3407011548029235,4.495670682730203,0.08548768073308138,0.012658628454505208,0.09814630918758659,-1.8692133012152545,-2.919915469226235,-4.789128770441489
2026-06-15 00:00:00+08:00,-2.32424550101552,-1.3914930164820132,22.64,23.065,31.503,31.533,146.0,147.5,390,0.36515274763975114,-0.5675997368937558,0.9327524845335069,4.656208281618756,1.8598063674801792,6.516014649098936,-0.31059862698101753,0.09518371173611163,-0.2154149152449059,-4.913268857764459,-1.0221554071538008,-5.93542426491826
2026-06-16 00:00:00+08:00,0.3335194904647333,-0.5350039704467194,22.46,21.63,31.494,31.5,141.0,137.0,390,0.8564890460352937,1.7250125069467463,-0.8685234609114527,-2.6580367699486778,-3.7654709345329773,-6.423507704481655,-0.12375650111093071,0.01904943333695825,-0.10470706777397246,4.506828540170621,2.87789645500434,7.384724995174961
2026-06-17 00:00:00+08:00,-1.9538968910962968,-2.739839080446591,22.2,21.76,31.584,31.635,143.0,141.5,390,-2.2048351099998715,-1.4188929206495775,-0.7859421893502943,2.601104891326635,-2.0018866890491793,0.5992182022774557,0.2663117419483628,0.16134393477766035,0.42765567672602317,-4.286370443178232,1.0544913176614998,-3.231879125516732
2026-06-18 00:00:00+08:00,-3.933189213859954,-2.770027744640673,23.21,24.08,31.585,31.608,152.5,156.5,390,-0.030188664194081838,-1.1933501334133627,1.1631614692192809,6.45097982986038,3.6798400154274575,10.130819845287837,-0.15817782481838796,0.07279287584258184,-0.08538494897580612,-7.48648789641741,-2.589141393274149,-10.075629289691559
2026-06-22 00:00:00+08:00,-3.745519894286514,-2.5527869584056293,27.04,27.49,31.615,31.648,177.5,178.5,390,0.21724078623504361,-0.9754921496458411,1.1927329358808847,11.593563073414307,1.6505051002391045,13.244068173653412,0.0221438401486883,0.10432639297250786,0.12647023312119615,-12.591459893526254,-0.5617992304223274,-13.153259123948581
2026-06-23 00:00:00+08:00,-0.9981857042337504,-2.356172181367339,26.28,26.23,31.646,31.651,168.0,170.0,390,0.19661477703829044,1.554601254171879,-1.3579864771335886,-4.501410856074448,-0.1904399737627528,-4.6918508298372,-0.006319714351008996,0.01579853708832283,0.009478822737313833,6.062462181643485,-1.1834457647002798,4.879016416943205
2026-06-24 00:00:00+08:00,-1.1647438669898815,-1.8121133350291847,27.08,27.985,31.755,31.758,174.0,181.0,390,0.5440588463381542,1.1914283143774573,-0.6473694680393032,3.189165416529179,3.2873204299248693,6.4764858464540485,0.3280449587263435,0.00944688489673052,0.337491843623074,-2.3256862164267185,-3.944173205129662,-6.26985942155638
2026-06-25 00:00:00+08:00,-1.4270071759108158,-1.2750350624493798,28.62,27.7,31.776,31.812,184.5,178.5,390,0.5370782725798049,0.3851061591183689,0.15197211346143602,2.243712178498202,-3.267336093501208,-1.023623915003006,0.0566625758856634,0.11322892321267426,0.16989149909833767,-1.9152432214756137,3.3060862260888064,1.3908430046131928
2026-06-26 00:00:00+08:00,0.96310264281374,-2.544424920738572,26.07,25.57,31.855,31.835,164.5,167.0,390,-1.269389858289192,2.23813770526312,-3.507527563552312,-6.0647185247882405,-1.936543864231513,-8.001262389019754,0.1350778473562731,-0.06280420994628357,0.07227363740998953,8.167803101426724,-1.50832422113285,6.659478880293874
2026-06-29 00:00:00+08:00,-2.4048777975702382,-1.1897232173085843,25.58,26.85,31.867,31.835,167.0,173.0,390,1.3547017034299875,0.13954712316833362,1.215154580261654,0.03910068476013222,4.845502480417709,4.884603165177841,0.1004678116595176,-0.10046781165952465,-7.049916206369744e-15,-0.0,-3.5297782081023894,-3.5297782081023894
2026-06-30 00:00:00+08:00,-0.8381498887080343,-0.3183850020066537,26.31,27.2,31.849,31.792,169.0,173.5,390,0.8713382153019307,0.35157332860055,0.5197648867013807,-2.0316725902672426,3.3267878249750265,1.295115234707784,0.043967088202784624,-0.17912985415553986,-0.13516276595275523,2.339287957470546,-2.6278884463840435,-0.28860048891349743
2026-07-01 00:00:00+08:00,-1.3610594559153495,-2.22396621780432,26.49,25.72,31.84,31.846,171.0,167.5,390,-1.9055812157976662,-1.0426744539086958,-0.8629067618889703,-2.6449670017973315,-2.9498403914559703,-5.594807393253301,0.15086751667211717,0.01884244580519723,0.1697099624773144,1.451404288425407,2.0680205237538747,3.519424812179282
2026-07-02 00:00:00+08:00,-0.6390534608632457,-1.7600790322691042,25.935,24.58,31.895,31.879,166.5,159.5,390,0.4638871855352156,1.5849127569410741,-1.1210255714058586,0.8324508433944768,-5.366030366547475,-4.533579523152999,0.15374722596843085,-0.05017718924859526,0.10357003671983558,0.5988041844622557,4.29513871955993,4.893942904022186
2026-07-06 00:00:00+08:00,-1.390645562749122,-2.55604214814805,25.86,25.82,32.034,31.995,168.0,169.5,390,-0.7959631158789457,0.3694334695199821,-1.1653965853989279,5.076426920582281,-0.15479879252149886,4.9216281280607825,0.4850352944671354,-0.1218198154680532,0.3632154789990822,-5.192005717835961,-0.8888947417245994,-6.080900459560561
2026-07-07 00:00:00+08:00,-0.0596599637731936,-0.4137610642594841,24.37,23.805,32.09,32.108,156.5,153.5,390,2.142281083888566,2.4963821843748564,-0.3541011004862905,-5.7796517781381525,-2.3457224990632843,-8.125374277201438,0.2964814530342039,0.056076514756473336,0.3525579677906773,7.979691684029701,1.935544295295609,9.91523597932531
2026-07-08 00:00:00+08:00,-1.4893637566558957,-2.1843926903153266,24.42,24.73,32.074,32.046,159.0,162.0,390,-1.7706316260558426,-1.0756026923964117,-0.6950289336594309,2.55068260360767,1.2614612850766127,3.812143888684283,-0.10594871827132914,-0.08733625009288022,-0.19328496836420936,-3.5203635192979696,-1.8692133012152545,-5.389576820513224
2026-07-09 00:00:00+08:00,-0.7142120066297106,-1.0780666699978358,24.91,24.845,32.186,32.153,161.5,161.5,390,1.1063260203174907,1.470180683685616,-0.3638546633681252,0.725224774076413,-0.2612804219805219,0.463944352095891,0.4359204810614783,-0.10258164688236775,0.33333883417911053,0.3091192569672858,-0.0,0.3091192569672858
2026-07-13 00:00:00+08:00,-1.2126186607178049,-0.33568326428629,23.62,23.43,32.102,32.222,153.5,151.5,390,0.7423834057115459,-0.13455199071996904,0.876935396431515,-5.056271428506755,-0.8076558249512036,-5.863927253457959,-0.15874254364534907,0.3731115577768981,0.21436901413154902,5.080457563545941,1.3114942077828018,6.391951771328742
2026-07-14 00:00:00+08:00,-0.5597264278465058,-1.6578114164982676,24.31,23.875,32.111,32.133,157.0,156.0,390,-1.3221281522119777,-0.22404316356021586,-1.0980849886517619,3.687053580832758,-1.8055901961237975,1.8814633847089606,-0.34507985061811663,0.06848888879887403,-0.2765909618192426,-3.5660180398884327,0.638979809877101,-2.927038230011332
2026-07-15 00:00:00+08:00,-2.062863358946217,-2.5357975847359318,25.72,24.89,32.183,32.12,169.0,164.0,390,-0.8779861682376642,-0.4050519424479493,-0.4729342257897149,7.44370130026246,-3.2802782989917936,4.163423001270667,0.15548233743645123,-0.1959473746406029,-0.04046503720415168,-8.004270767353635,3.003228709887509,-5.001042057466126
2026-07-16 00:00:00+08:00,-0.4123174069352381,-1.0818935829582337,23.015,22.39,32.237,32.253,149.0,146.0,390,1.453904001777698,2.1234801778006935,-0.6695761760229956,-7.831993911029585,-2.753174665854126,-10.58516857688371,0.36359721210695795,0.04962009715702842,0.41321730926398637,9.592012187873925,2.0339684237122673,11.625980611586192
2026-07-17 00:00:00+08:00,0.1787048417488533,-1.0199230267237076,20.59,21.25,32.355,32.374,133.0,139.0,390,0.061970556234526075,1.260598424707087,-1.1986278684725609,-8.380890957096538,3.1551374330727766,-5.225753524023761,0.3157506338028656,0.058706300253945666,0.3744569340568113,9.32574934865827,-4.41248049089381,4.913268857764461
2026-07-20 00:00:00+08:00,1.3635314826341287,-0.2728660688153739,20.95,20.31,32.299,32.285,133.5,131.5,390,0.7470569579083337,2.3834545093578363,-1.6363975514495026,-1.4218249002279137,-3.102527077585341,-4.524351977813255,-0.23193615147430127,-0.043354391859563815,-0.2752905433338651,4.037245529038751,1.5094626222485017,5.546708151287253
2026-07-21 00:00:00+08:00,-2.385477141977043,-1.4805209031003386,21.14,21.17,32.332,32.347,140.0,139.0,390,-1.2076548342849647,-2.112611073161669,0.9049562388767043,4.005360484979838,0.14181047046821726,4.147170955448056,0.14547257931677016,0.04638290718446592,0.19185548650123607,-6.263557099148505,0.7168489478612516,-5.546708151287254
2026-07-22 00:00:00+08:00,-1.56779138110624,-2.171546084100602,21.1,21.28,32.426,32.418,139.0,141.0,390,-0.6910251810002632,-0.08727047800590149,-0.6037547029943617,-0.33120446647530244,0.84946239914228,0.5182579326669775,0.24392891844347508,-0.024674603789375856,0.21925431465409922,-0.0,-1.4285957247476433,-1.4285957247476433
2026-07-23 00:00:00+08:00,-0.9641016347572656,-1.1113916439041882,20.83,20.87,32.332,32.341,136.0,136.5,390,1.0601544401964136,1.207444449343336,-0.14729000914692258,-2.137340920056315,0.1918465816228925,-1.9454943384334227,-0.26563722183857097,0.027832325879719823,-0.23780489595885115,3.6105004642116323,-0.3669728888962402,3.243527575315392
2026-07-24 00:00:00+08:00,-1.0807207076414251,0.4215288143445355,19.87,19.49,32.361,32.332,130.0,125.5,390,1.5329204582487237,0.03067093626276307,1.5022495219859606,-4.910166452538393,-1.9309543044256212,-6.841120756964014,0.06182189310063824,-0.08965421898036705,-0.02783232587972881,4.879016416943205,3.522869188374383,8.401885605317588
2026-07-27 00:00:00+08:00,-1.256235227792345,-0.7047934961126076,19.88,19.075,32.288,32.275,130.0,124.0,390,-1.1263223104571431,-1.6777640421368805,0.5514417316797374,1.981268770895863,-4.133562405790728,-2.152293634894865,-0.13618077003996057,-0.04027074384922319,-0.17645151388918376,-3.5228691883743815,4.725288485054549,1.202419296680168
2026-07-28 00:00:00+08:00,2.2587571761416334,0.8328722718524466,16.74,17.37,32.384,32.364,106.0,111.5,390,1.5376657679650543,2.963550672254241,-1.4258849042891868,-13.057751210919147,3.6943515191684484,-9.363399691750699,0.33715369322942723,-0.0617779719407192,0.275375721288708,15.68424714929697,-5.058549678810624,10.625697470486347
2026-07-29 00:00:00+08:00,1.731731703379345,1.8448825851941009,17.05,17.11,32.374,32.297,108.5,108.5,390,1.0120103133416543,0.8988594315268983,0.11315088181475597,-1.8594376523487735,0.3512884174576221,-1.5081492348911514,0.03089375661755996,-0.23812848536693007,-0.2072347287493701,2.7274417919659175,-0.0,2.7274417919659175
2026-07-30 00:00:00+08:00,0.719931879285018,1.1664899257688135,17.77,18.97,32.45,32.4,114.5,121.5,390,-0.6783926594252874,-1.1249507059090829,0.4465580464837955,3.7848554262457923,6.534714178036283,10.319569604282075,0.47260964919996257,-0.15420203518154485,0.3184076140184177,-5.382465001378009,-5.933943978630873,-11.316408980008882
2026-07-31 00:00:00+08:00,0.3874750954248664,-0.0940913996135163,19.98,19.03,32.282,32.287,128.5,123.0,390,-1.2605813253823297,-0.779014830343947,-0.4815664950383827,5.187298927348475,-4.8715091912349315,0.3157897361135431,-0.3648623447195901,0.015487308181928673,-0.34937503653766144,-5.601464155467131,4.374454896285695,-1.227009259181436
2026-08-03 00:00:00+08:00,1.6338569065989974,1.7512858261665325,17.56,18.68,32.416,32.415,112.0,119.0,390,1.8453772257800487,1.7279483062125136,0.1174289195675351,-8.039309310108766,6.182984459372611,-1.8563248507361552,0.3987455633365645,-0.0030849439313776514,0.3956606194051869,9.3685484077323,-6.062462181643484,3.3060862260888157
2026-08-04 00:00:00+08:00,-0.5870848360518894,1.597479759925393,19.73,20.62,32.374,32.4,128.5,131.5,390,-0.15380606624113957,-2.3383706622184217,2.1845645959772826,5.46868872338275,4.412115855428989,9.88080457881174,-0.12656471151900958,0.08027912865148304,-0.04628558286752654,-7.680541122374504,-2.3077947282544673,-9.988335850628971
2026-08-05 00:00:00+08:00,2.025163789531368,1.204860169438109,19.75,19.28,32.293,32.285,125.0,123.0,390,-0.392619590487284,0.42768402960597496,-0.820303620093259,-4.310798724168299,-2.4085202164731245,-6.719318940641424,-0.330793432272357,-0.024776239712990058,-0.35556967198534706,5.069311431551809,1.6129381929883644,6.682249624540174
2026-08-06 00:00:00+08:00,0.6770407897386479,2.3080890048521705,18.91,19.19,32.211,32.263,121.0,121.0,390,1.1032288354140616,-0.527819379699461,1.6310482151135226,-1.937740651203347,1.4698427349242462,-0.4678979162791008,-0.22947169583221652,0.16130536735762707,-0.06816632847458945,1.6393809775676382,-0.0,1.6393809775676382
2026-08-07 00:00:00+08:00,2.112998988354885,2.2769915700292693,18.8,18.72,32.189,32.243,118.5,118.0,390,-0.03109743482290117,-0.1950900164972853,0.16399258167438413,-2.0532440183705023,-0.42643987864576505,-2.479683897016267,-0.22962835138187077,0.16761861386641,-0.06200973751546077,2.0877585021555256,0.4228336109521064,2.510592113107632
2026-08-10 00:00:00+08:00,1.5174276204945012,0.0394385024804595,19.3,18.77,32.221,32.245,122.5,121.0,390,-2.23755306754881,-0.7595639495347681,-1.4779891180140416,3.051262486139399,-2.7845245312422473,0.2667379548971516,-0.06825515281121666,0.0744578571923049,0.006202704381088234,-3.7426405519116814,1.2320484388040625,-2.510592113107619
2026-08-11 00:00:00+08:00,0.0652224479191707,0.4914675126791732,19.18,18.94,32.216,32.233,123.5,121.5,390,0.4520290101987137,0.025783945438711202,0.4262450647600025,2.160821885687475,-1.2591981697359849,0.9016237159514899,-0.08997689131875702,0.052754892688061314,-0.03722199863069571,-2.045061047129084,1.632689328742878,-0.4123717183862061
2026-08-12 00:00:00+08:00,-0.2112228400963044,-0.4903995172191233,19.53,19.3,32.19,32.225,126.0,125.0,390,-0.9818670298982966,-0.7026903527754776,-0.2791766771228189,3.0675657130655294,-1.1846648977747747,1.8829008152907547,-0.13349271653169933,0.1086703514534317,-0.02482236507826764,-3.636764417087479,0.7968169649176845,-2.8399474521697945
2026-08-13 00:00:00+08:00,-0.9133198057055796,-0.3702104126050803,19.3,19.39,32.089,32.114,125.0,125.0,390,0.12018910461404297,-0.4229202884864563,0.5431093931004993,0.0,0.4652373343720453,0.4652373343720453,-0.4229256544916067,0.07787798471577952,-0.3450476697758272,-0.0,-0.0,-0.0
2026-08-14 00:00:00+08:00,0.2204311626144042,0.9052176105971598,18.98,19.16,31.946,31.995,121.0,121.5,390,1.2754280232022401,0.5906415752194845,0.6847864479827556,-2.137167607277868,0.9438979360932566,-1.1932696711846114,-0.5245094759727966,0.15326632236587626,-0.3712431536069204,3.252319170556006,-0.4123717183862156,2.8399474521697905
2026-08-17 00:00:00+08:00,0.5422661480798174,0.7749483482839915,19.37,19.53,31.793,31.864,122.5,123.5,390,-0.13026926231316827,-0.36295146251734234,0.23268220020417407,1.0900704876190155,0.822626746968313,1.9126972345873283,-0.633350082269291,0.2230706110612474,-0.41027947120804364,-0.8196767204178491,-0.8130126083250309,-1.63268932874288
2026-08-18 00:00:00+08:00,1.657372936037136,1.3819011925593268,18.73,18.505,31.891,31.916,117.5,116.5,390,0.6069528442753352,0.8824245877531446,-0.27547174347780934,-4.182522843259049,-1.2085550617877923,-5.391077905046841,0.08469924433892373,0.07836131233021269,0.16306055666913644,4.980282248381825,0.8547060578458409,5.834988306227666
2026-08-19 00:00:00+08:00,-0.0846687402023422,-1.0110059909820708,18.59,18.11,31.845,31.841,118.5,116.5,390,-2.3929071835413973,-1.466569932761669,-0.9263372507797286,0.45828358952334197,-2.6159529838030666,-2.1576693942797247,-0.22270676227054897,-0.012561630516152363,-0.23526839278670134,-1.7021687569430524,1.7021687569430635,1.1102230246251565e-14
2026-08-20 00:00:00+08:00,0.2654385480582781,-0.5865149697716111,18.09,18.01,31.87,31.878,115.0,115.5,390,0.4244910212104597,1.276444539040349,-0.8519535178298892,-0.11049724881182148,-0.4432140219338924,-0.5537112707457139,0.09103609110775174,0.0250988267616148,0.11613491786936654,1.295914464250523,-0.4338401598598141,0.8620743043907089
2026-08-21 00:00:00+08:00,-1.1227332895140287,-0.7367842930693056,18.42,18.33,31.807,31.816,118.5,117.5,390,-0.1502693232976945,-0.5362183197424176,0.38594899644472314,2.2509871639296057,-0.4897968975547365,1.7611902663748693,-0.22297253486925533,0.028291655722085335,-0.19468087914717,-2.564243061333765,0.8474626990972232,-1.7167803622365418
2026-08-24 00:00:00+08:00,-0.663536056583494,-0.6139691864342955,19.36,19.05,31.813,31.825,124.0,122.0,390,0.12281510663501005,0.07324823648581158,0.04956687014919847,5.467001999681736,-1.6141980275720946,3.8528039721096414,-0.00942966258222835,0.037713316390298214,0.028283653808069863,-5.384323202082318,1.626052087178029,-3.7582711149042893
2026-08-25 00:00:00+08:00,-1.0276485530305075,-0.8203287294901094,19.57,19.61,31.863,31.864,126.0,126.0,390,-0.20635954305581383,-0.41367936659621196,0.20731982354039813,2.6930679835274947,0.20418588002699187,2.8972538635544867,0.119331756404201,0.0031383871830970218,0.12247014358729802,-3.2260862218221478,-0.0,-3.2260862218221478
