entry_signal_idx,entry_signal_time,entry_signal_zscore,entry_idx,entry_time,entry_fill_price_type,entry_delay_minutes,entry_fill_zscore,direction,entry_tsm_twd_fair,entry_tsm_twd_fair_open,entry_qff_close,entry_qff_open_filled,entry_qff_open_was_filled,tsm_units,qff_units,qff_contracts,raw_qff_contracts,leg_notional_twd,actual_leg_notional_twd,qff_contract_multiplier,entry_tsm_fee_twd,entry_qff_fee_twd,entry_qff_tax_twd,entry_fee_twd,exit_signal_idx,exit_signal_time,exit_signal_zscore,exit_idx,exit_time,exit_fill_price_type,exit_fill_zscore,exit_tsm_twd_fair,exit_tsm_twd_fair_open,exit_qff_close,exit_qff_open_filled,tsm_pnl,qff_pnl,gross_pnl_twd,exit_tsm_fee_twd,exit_qff_fee_twd,exit_qff_tax_twd,exit_fee_twd,tsm_fee_twd,qff_fee_twd,qff_tax_twd,total_fee_twd,net_pnl_twd,total_pnl,exit_reason,holding_minutes
39,2026-06-09 22:09:00+08:00,-1.019125999834204,40,2026-06-09 22:10:00+08:00,open,1,-0.7937651863358346,long_tsm_short_qff,128.560172,128.560172,130.0,130.0,False,8089.597142107122,-8000.0,-4,3.8461538461538463,1000000.0,1040000.0,2000.0,260.0,352.0,20,632.0,64,2026-06-09 22:34:00+08:00,0.3036410018935071,65,2026-06-09 22:35:00+08:00,open,-0.0554158682080742,127.86012799999999,127.86012799999999,128.0,128.0,-5663.073941749282,16000.0,10336.926058250718,258.58423151456265,352.0,20,630.5842315145626,518.5842315145626,704.0,40,1262.5842315145626,9074.341826736156,9074.341826736156,zscore_exit,25
105,2026-06-09 23:15:00+08:00,-1.4113464084889673,106,2026-06-09 23:16:00+08:00,open,1,-1.144221041513939,long_tsm_short_qff,126.067708,126.067708,128.5,128.5,False,8154.3482967105265,-8000.0,-4,3.8910505836575875,1000000.0,1028000.0,2000.0,257.0,352.0,20,629.0,125,2026-06-09 23:35:00+08:00,0.2676526017956251,126,2026-06-09 23:36:00+08:00,open,-0.1970020526756438,123.362496,123.362496,124.0,124.0,-22059.2408644409,36000.0,13940.7591355591,251.48518978388975,352.0,20,623.4851897838897,508.4851897838897,704.0,40,1252.4851897838898,12688.27394577521,12688.27394577521,zscore_exit,20
166,2026-06-10 00:16:00+08:00,1.4007105170279015,167,2026-06-10 00:17:00+08:00,open,1,1.1084079525410713,short_tsm_long_qff,119.958692,119.958692,119.0,119.0,False,-7936.065191507757,8000.0,4,4.201680672268908,1000000.0,952000.0,2000.0,238.0,352.0,20,610.0,175,2026-06-10 00:25:00+08:00,-0.8958838998667205,176,2026-06-10 00:26:00+08:00,open,-0.643341790182797,120.338108,120.338108,122.0,122.0,-3011.0701107011564,24000.0,20988.929889298845,238.7527675276753,352.0,20,610.7527675276754,476.7527675276753,704.0,40,1220.7527675276754,19768.17712177117,19768.17712177117,zscore_exit,9
187,2026-06-10 00:37:00+08:00,-1.0366023488930374,188,2026-06-10 00:38:00+08:00,open,1,-0.3401604695456972,long_tsm_short_qff,119.71595200000002,119.71595200000002,121.0,121.0,False,8085.806309254424,-8000.0,-4,4.132231404958677,1000000.0,968000.0,2000.0,242.0,352.0,20,614.0,190,2026-06-10 00:40:00+08:00,0.5011872890888304,191,2026-06-10 00:41:00+08:00,open,-0.4404419226415725,118.19895999999999,118.19895999999999,118.5,118.5,-12266.103484688732,20000.0,7733.896515311268,238.9334741288278,352.0,20,610.9334741288278,480.9334741288278,704.0,40,1224.9334741288278,6508.96304118244,6508.96304118244,zscore_exit,3
220,2026-06-10 01:10:00+08:00,-1.366923709653854,221,2026-06-10 01:11:00+08:00,open,1,-1.0083543477078525,long_tsm_short_qff,121.79090000000001,121.79090000000001,124.0,124.0,False,8145.107721512854,-8000.0,-4,4.032258064516129,1000000.0,992000.0,2000.0,248.0,352.0,20,620.0,297,2026-06-10 02:27:00+08:00,0.2900897991248556,298,2026-06-10 02:28:00+08:00,open,0.3362451171358078,124.95427,124.95427,125.0,125.0,25765.989413002007,-8000.0,17765.989413002007,254.4414973532505,352.0,20,626.4414973532505,502.4414973532505,704.0,40,1246.4414973532505,16519.547915648756,16519.547915648756,zscore_exit,77
372,2026-06-10 03:42:00+08:00,1.0445782481903252,373,2026-06-10 03:43:00+08:00,open,1,0.9274018786312672,short_tsm_long_qff,125.01738799999998,125.01738799999998,124.0,124.0,False,-7934.896224195631,8000.0,4,4.032258064516129,1000000.0,992000.0,2000.0,248.0,352.0,20,620.0,384,2026-06-10 03:54:00+08:00,-0.258146986409545,385,2026-06-10 03:55:00+08:00,open,0.8177169077800208,125.25817799999997,125.25817799999997,124.5,124.5,-1910.6436618239852,4000.0,2089.356338176015,248.47766091545597,352.0,20,620.477660915456,496.477660915456,704.0,40,1240.477660915456,848.878677260559,848.878677260559,zscore_exit,12
388,2026-06-10 03:58:00+08:00,1.115295674490446,389,2026-06-10 03:59:00+08:00,open,1,0.743260897670557,short_tsm_long_qff,125.605591,125.605591,125.0,125.0,False,-7961.429041801172,8000.0,4,4.0,1000000.0,1000000.0,2000.0,250.0,352.0,20,622.0,780,2026-06-11 21:30:00+08:00,-1.121693213433338,781,2026-06-11 21:31:00+08:00,open,-1.2624928096597658,126.20369999999998,126.20369999999998,128.0,128.0,-4761.802362762494,24000.0,19238.197637237507,251.19045059069063,352.0,20,623.1904505906906,501.1904505906906,704.0,40,1245.1904505906905,17993.007186646817,17993.007186646817,zscore_exit,2492
782,2026-06-11 21:32:00+08:00,-1.3112531234879268,783,2026-06-11 21:33:00+08:00,open,1,-0.791787624196569,long_tsm_short_qff,125.76088,125.76088,128.0,128.0,False,8142.436662338877,-8000.0,-4,3.90625,1000000.0,1024000.0,2000.0,256.0,352.0,20,628.0,1950,2026-06-16 21:30:00+08:00,1.214115326982642,1951,2026-06-16 21:31:00+08:00,open,0.694398127251916,141.3671972,141.3671972,141.0,141.0,127073.44933336975,-104000.0,23073.449333369746,287.76836233334245,352.0,24,663.7683623333425,543.7683623333425,704.0,44,1291.7683623333423,21781.680971036403,21781.680971036403,zscore_exit,7198
1955,2026-06-16 21:35:00+08:00,1.2480653401722537,1956,2026-06-16 21:36:00+08:00,open,1,1.1319727040760692,short_tsm_long_qff,141.34956000000003,141.34956000000003,141.0,141.0,True,-7980.215856349321,8000.0,4,3.5460992907801416,1000000.0,1128000.0,2000.0,282.0,352.0,24,658.0,2340,2026-06-17 21:30:00+08:00,-1.238184034226394,2341,2026-06-17 21:31:00+08:00,open,-1.237620345839601,140.169792,140.169792,143.0,143.0,9414.803300413718,16000.0,25414.803300413718,279.6462991748965,352.0,24,655.6462991748965,561.6462991748965,704.0,48,1313.6462991748965,24101.157001238822,24101.157001238822,zscore_exit,1435
2342,2026-06-17 21:32:00+08:00,-1.1182867557005185,2343,2026-06-17 21:33:00+08:00,open,1,-1.206345529806094,long_tsm_short_qff,140.327712,140.327712,143.0,143.0,False,6114.259170704643,-6000.0,-3,3.4965034965034967,1000000.0,858000.0,2000.0,214.49999999999994,264.0,18,496.49999999999994,3126,2026-06-22 21:36:00+08:00,0.2853464077582664,3127,2026-06-22 21:37:00+08:00,open,0.1780377880737305,177.08121599999998,177.08121599999998,179.0,179.0,224720.44888752972,-216000.0,8720.448887529725,270.68011222188244,264.0,21,555.6801122218824,485.1801122218824,528.0,39,1052.1801122218824,7668.268775307843,7668.268775307843,zscore_exit,7204
3496,2026-06-23 03:46:00+08:00,-1.1225673786632575,3497,2026-06-23 03:47:00+08:00,open,1,-1.0410902122321848,long_tsm_short_qff,172.81768,172.81768,179.0,179.0,False,6214.641927839791,-6000.0,-3,2.793296089385475,1000000.0,1074000.0,2000.0,268.5,264.0,21,553.5,3510,2026-06-23 21:30:00+08:00,0.715338034786274,3511,2026-06-23 21:31:00+08:00,open,0.6239061096386355,166.331376,166.331376,168.5,168.5,-40310.056795114884,63000.0,22689.943204885116,258.4224858012213,264.0,21,543.4224858012212,526.9224858012212,528.0,42,1096.9224858012212,21593.020719083896,21593.020719083896,zscore_exit,1064
3883,2026-06-24 03:43:00+08:00,1.1141945724070426,3884,2026-06-24 03:44:00+08:00,open,1,1.127706399847592,short_tsm_long_qff,166.79019499999998,166.79019499999998,170.0,170.0,False,-6115.467399027863,6000.0,3,2.9411764705882355,1000000.0,1020000.0,2000.0,255.0,264.0,21,540.0,3915,2026-06-24 21:45:00+08:00,-0.5368422254121032,3916,2026-06-24 21:46:00+08:00,open,1.1275713733518475,169.909573,169.909573,174.5,174.5,-19076.45446424481,27000.0,7923.545535755191,259.7691136160612,264.0,21,544.7691136160612,514.7691136160612,528.0,42,1084.769113616061,6838.77642213913,6838.77642213913,zscore_exit,1082
3917,2026-06-24 21:47:00+08:00,1.0862342808710703,3918,2026-06-24 21:48:00+08:00,open,1,1.590648219548267,short_tsm_long_qff,170.512652,170.512652,174.0,174.0,False,-6122.712817814833,6000.0,3,2.8735632183908044,1000000.0,1044000.0,2000.0,261.00000000000006,264.0,21,546.0,4831,2026-06-27 00:01:00+08:00,-0.2605264284591297,4832,2026-06-27 00:02:00+08:00,open,-0.130722218491492,161.665524,161.665524,164.5,164.5,54168.4240064485,-57000.0,-2831.5759935515016,247.45789399838787,264.0,21,532.4578939983878,508.45789399838793,528.0,42,1078.4578939983878,-3910.033887549889,-3910.033887549889,zscore_exit,3014
4900,2026-06-27 01:10:00+08:00,-1.00651724044595,4901,2026-06-27 01:11:00+08:00,open,1,-0.5906794252150439,long_tsm_short_qff,164.134284,164.134284,168.0,168.0,False,6141.312926432846,-6000.0,-3,2.9761904761904763,1000000.0,1008000.0,2000.0,252.0,264.0,21,537.0,4950,2026-06-27 02:00:00+08:00,0.3931207549376753,4951,2026-06-27 02:01:00+08:00,open,0.0745399814170526,163.08960199999999,163.08960199999999,165.5,165.5,-6415.71907061186,15000.0,8584.28092938814,250.39607023234703,264.0,21,535.396070232347,502.39607023234703,528.0,42,1072.396070232347,7511.884859155793,7511.884859155793,zscore_exit,50
5070,2026-06-29 21:30:00+08:00,-1.0104124760180693,5071,2026-06-29 21:31:00+08:00,open,1,-0.6836439909937343,long_tsm_short_qff,162.967838,162.967838,167.0,167.0,False,6148.45243268184,-6000.0,-3,2.9940119760479043,1000000.0,1002000.0,2000.0,250.5,264.0,21,535.5,5128,2026-06-29 22:28:00+08:00,0.5579424202915368,5129,2026-06-29 22:29:00+08:00,open,0.3065852279684666,163.33887499999997,163.33887499999997,165.5,165.5,2281.303345264804,9000.0,11281.303345264805,251.07032583631621,264.0,21,536.0703258363162,501.5703258363162,528.0,42,1071.5703258363162,10209.73301942849,10209.73301942849,zscore_exit,58
5198,2026-06-29 23:38:00+08:00,1.0152244688241086,5199,2026-06-29 23:39:00+08:00,open,1,0.7334532336567288,short_tsm_long_qff,165.94250399999999,165.94250399999999,167.5,167.5,False,-6056.314541330533,6000.0,3,2.985074626865672,1000000.0,1005000.0,2000.0,251.25,264.0,21,536.25,5220,2026-06-30 00:00:00+08:00,-0.2799378851153428,5221,2026-06-30 00:01:00+08:00,open,-0.3992830256297561,166.86215,166.86215,170.0,170.0,-5569.665442676633,15000.0,9430.334557323367,252.64241636066916,264.0,21,537.6424163606691,503.89241636066913,528.0,42,1073.8924163606691,8356.442140962698,8356.442140962698,zscore_exit,22
5260,2026-06-30 00:40:00+08:00,1.0474451822621071,5261,2026-06-30 00:41:00+08:00,open,1,0.6692341510074193,short_tsm_long_qff,168.927096,168.927096,171.0,171.0,False,-6073.62598596971,6000.0,3,2.9239766081871346,1000000.0,1026000.0,2000.0,256.49999999999994,264.0,21,541.5,5448,2026-06-30 03:48:00+08:00,-0.2610555983858975,5449,2026-06-30 03:49:00+08:00,open,-0.1337008540764326,169.80789000000001,169.80789000000001,172.5,172.5,-5349.613326686258,9000.0,3650.386673313742,257.83740333167157,264.0,21,542.8374033316716,514.3374033316716,528.0,42,1084.3374033316716,2566.0492699820707,2566.0492699820707,zscore_exit,188
5474,2026-06-30 21:44:00+08:00,1.0138449174558666,5475,2026-06-30 21:45:00+08:00,open,1,1.2524662576486143,short_tsm_long_qff,170.07366,170.07366,171.5,171.5,False,-6050.319608574308,6000.0,3,2.9154518950437316,1000000.0,1029000.0,2000.0,257.25,264.0,21,542.25,5850,2026-07-01 21:30:00+08:00,-0.4896307542186834,5851,2026-07-01 21:31:00+08:00,open,-0.5701548501287511,168.491988,168.491988,171.0,171.0,9569.621115932929,-3000.0,6569.621115932929,254.85759472101677,264.0,21,539.8575947210168,512.1075947210168,528.0,42,1082.1075947210168,5487.513521211912,5487.513521211912,zscore_exit,1426
5854,2026-07-01 21:34:00+08:00,-1.3763623504270106,5855,2026-07-01 21:35:00+08:00,open,1,-1.618366954138685,long_tsm_short_qff,166.11503,166.11503,169.5,169.5,False,6122.263590477033,-6000.0,-3,2.949852507374631,1000000.0,1017000.0,2000.0,254.25,264.0,21,539.25,6185,2026-07-02 03:05:00+08:00,0.2684365556332652,6186,2026-07-02 03:06:00+08:00,open,0.0444246232771965,166.958472,166.958472,169.5,169.5,5163.774247279192,-0.0,5163.774247279192,255.5409435618198,264.0,21,540.5409435618199,509.7909435618198,528.0,42,1079.7909435618199,4083.9833037173726,4083.9833037173726,zscore_exit,331
6192,2026-07-02 03:12:00+08:00,-1.0953617734946162,6193,2026-07-02 03:13:00+08:00,open,1,-0.8851552762247039,long_tsm_short_qff,166.51797,166.51797,170.0,170.0,False,6125.465017379206,-6000.0,-3,2.9411764705882355,1000000.0,1020000.0,2000.0,255.00000000000006,264.0,21,540.0,6240,2026-07-02 21:30:00+08:00,1.1696904308633416,6241,2026-07-02 21:31:00+08:00,open,1.2755008192954254,165.43417799999997,165.43417799999997,166.5,166.5,-6638.7299821155475,21000.0,14361.270017884453,253.34031750447113,264.0,21,538.3403175044712,508.34031750447116,528.0,42,1078.3403175044712,13282.929700379982,13282.929700379982,zscore_exit,1098
6261,2026-07-02 21:51:00+08:00,1.006112701757497,6262,2026-07-02 21:52:00+08:00,open,1,1.0687630763320504,short_tsm_long_qff,166.70198399999998,166.70198399999998,168.0,168.0,False,-6046.718676125655,6000.0,3,2.9761904761904763,1000000.0,1008000.0,2000.0,252.00000000000006,264.0,21,537.0,6276,2026-07-02 22:06:00+08:00,-0.695897786271099,6277,2026-07-02 22:07:00+08:00,open,-0.3503537944840248,166.023048,166.023048,169.0,169.0,4105.334991094006,6000.0,10105.334991094005,250.97366625222654,264.0,21,535.9736662522265,502.9736662522266,528.0,42,1072.9736662522264,9032.361324841779,9032.361324841779,zscore_exit,15
6286,2026-07-02 22:16:00+08:00,-1.041029472679763,6287,2026-07-02 22:17:00+08:00,open,1,-0.9008497324548482,long_tsm_short_qff,165.126695,165.126695,168.5,168.5,False,6122.571520007712,-6000.0,-3,2.9673590504451037,1000000.0,1011000.0,2000.0,252.74999999999994,264.0,21,537.75,6489,2026-07-03 01:39:00+08:00,0.3098763848932095,6490,2026-07-03 01:40:00+08:00,open,0.7312112326103062,154.94591,154.94591,157.0,157.0,-62332.5842923218,69000.0,6667.415707678199,237.16685392691954,264.0,18,519.1668539269195,489.9168539269195,528.0,39,1056.9168539269194,5610.49885375128,5610.49885375128,zscore_exit,203
6556,2026-07-03 02:46:00+08:00,-1.0548246214200048,6557,2026-07-03 02:47:00+08:00,open,1,-0.8348592544123405,long_tsm_short_qff,155.08428599999996,155.08428599999996,158.5,158.5,False,6132.149326850563,-6000.0,-3,3.1545741324921135,1000000.0,951000.0,2000.0,237.74999999999994,264.0,18,519.75,6567,2026-07-03 02:57:00+08:00,0.4634133787968119,6568,2026-07-03 02:58:00+08:00,open,-0.0507809256021588,156.11146300000001,156.11146300000001,158.5,158.5,6298.802749106697,-0.0,6298.802749106697,239.32470068727667,264.0,18,521.3247006872766,477.0747006872766,528.0,36,1041.0747006872766,5257.72804841942,5257.72804841942,zscore_exit,11
6581,2026-07-03 03:11:00+08:00,-1.0305740876982548,6582,2026-07-03 03:12:00+08:00,open,1,-0.8098924983423802,long_tsm_short_qff,154.62285,154.62285,158.0,158.0,False,6131.047254658674,-6000.0,-3,3.1645569620253164,1000000.0,948000.0,2000.0,237.0,264.0,18,519.0,6638,2026-07-06 21:38:00+08:00,0.2933572164049394,6639,2026-07-06 21:39:00+08:00,open,0.2416178653245415,166.3113582,166.3113582,168.5,168.5,71662.79611066541,-63000.0,8662.796110665411,254.91569902766636,264.0,21,539.9156990276664,491.9156990276664,528.0,39,1058.9156990276665,7603.880411637745,7603.880411637745,zscore_exit,5427
6675,2026-07-06 22:15:00+08:00,1.1247851030183975,6676,2026-07-06 22:16:00+08:00,open,1,0.7266807485466965,short_tsm_long_qff,171.19500500000004,171.19500500000004,172.5,172.5,False,-6045.737140519957,6000.0,3,2.898550724637681,1000000.0,1035000.0,2000.0,258.75,264.0,21,543.75,6731,2026-07-06 23:11:00+08:00,-0.4210162081621411,6732,2026-07-06 23:12:00+08:00,open,-0.6293676466258393,168.50590400000002,168.50590400000002,171.5,171.5,16257.597790309492,-6000.0,10257.597790309492,254.68560055242264,264.0,21,539.6856005524227,513.4356005524227,528.0,42,1083.4356005524228,9174.16218975707,9174.16218975707,zscore_exit,56
6818,2026-07-07 00:38:00+08:00,-1.0929713993303227,6819,2026-07-07 00:39:00+08:00,open,1,-0.7931063191509139,long_tsm_short_qff,167.85049,167.85049,171.5,171.5,True,6130.455740701144,-6000.0,-3,2.9154518950437316,1000000.0,1029000.0,2000.0,257.25000000000006,264.0,21,542.25,7020,2026-07-07 21:30:00+08:00,2.2662431422183715,7021,2026-07-07 21:31:00+08:00,open,2.498128181412152,156.5992,156.5992,156.5,156.5,-68975.53537079346,90000.0,21024.464629206544,240.00611615730165,264.0,18,522.0061161573017,497.2561161573017,528.0,39,1064.2561161573017,19960.20851304924,19960.20851304924,zscore_exit,1252
7022,2026-07-07 21:32:00+08:00,1.488308263442997,7023,2026-07-07 21:33:00+08:00,open,1,1.8294926308306136,short_tsm_long_qff,155.6365,155.6365,156.0,156.0,False,-6014.013422301324,6000.0,3,3.2051282051282053,1000000.0,936000.0,2000.0,234.0,264.0,18,516.0,7503,2026-07-08 23:03:00+08:00,-0.2599836411299032,7504,2026-07-08 23:04:00+08:00,open,-0.391066711639911,156.748384,156.748384,159.5,159.5,-6686.885300041935,21000.0,14313.114699958065,235.67172132501048,264.0,18,517.6717213250105,469.6717213250105,528.0,36,1033.6717213250104,13279.442978633055,13279.442978633055,zscore_exit,1531
7550,2026-07-08 23:50:00+08:00,-1.2506361851524297,7551,2026-07-08 23:51:00+08:00,open,1,-1.395889556477924,long_tsm_short_qff,155.63164999999998,155.63164999999998,159.5,159.5,False,6149.1348321501455,-6000.0,-3,3.134796238244514,1000000.0,957000.0,2000.0,239.25000000000006,264.0,18,521.25,7617,2026-07-09 00:57:00+08:00,0.3462155217642261,7618,2026-07-09 00:58:00+08:00,open,0.2603120903444547,159.84684800000002,159.84684800000002,162.0,162.0,25919.820846209896,-15000.0,10919.820846209896,245.72995521155252,264.0,18,527.7299552115526,484.9799552115526,528.0,36,1048.9799552115526,9870.840890998343,9870.840890998343,zscore_exit,67
7741,2026-07-09 03:01:00+08:00,-1.0149733092731563,7742,2026-07-09 03:02:00+08:00,open,1,-0.2357618925682378,long_tsm_short_qff,158.842108,158.842108,162.0,162.0,False,6119.28418879961,-6000.0,-3,3.0864197530864197,1000000.0,972000.0,2000.0,243.0,264.0,18,525.0,7800,2026-07-09 21:30:00+08:00,1.229291163121213,7801,2026-07-09 21:31:00+08:00,open,0.855863628439225,160.26636000000002,160.26636000000002,161.5,161.5,8715.40274446637,3000.0,11715.40274446637,245.17885068611662,264.0,18,527.1788506861167,488.1788506861166,528.0,36,1052.1788506861167,10663.223893780254,10663.223893780254,zscore_exit,1109
7802,2026-07-09 21:32:00+08:00,1.057315643082805,7803,2026-07-09 21:33:00+08:00,open,1,1.6529720750316317,short_tsm_long_qff,160.10545000000002,160.10545000000002,161.5,161.5,False,-6052.261181614991,6000.0,3,3.0959752321981426,1000000.0,969000.0,2000.0,242.25,264.0,18,524.25,8192,2026-07-13 21:32:00+08:00,-0.3100194419246174,8193,2026-07-13 21:33:00+08:00,open,-1.3939453236597266,151.81035799999998,151.81035799999998,154.0,154.0,50204.0633095253,-45000.0,5204.0633095253,229.69898417261868,264.0,18,511.6989841726187,471.9489841726187,528.0,36,1035.9489841726186,4168.114325352681,4168.114325352681,zscore_exit,5760
8195,2026-07-13 21:35:00+08:00,-1.3675949399780014,8196,2026-07-13 21:36:00+08:00,open,1,-1.3298246919276666,long_tsm_short_qff,150.127656,150.127656,153.0,153.0,False,6114.7960639577295,-6000.0,-3,3.2679738562091503,1000000.0,918000.0,2000.0,229.5,264.0,18,511.5,8238,2026-07-13 22:18:00+08:00,0.4135904337604817,8239,2026-07-13 22:19:00+08:00,open,0.3646861199521684,150.176201,150.176201,152.0,152.0,296.84277492476724,6000.0,6296.842774924768,229.5742106937312,264.0,18,511.5742106937312,459.0742106937312,528.0,36,1023.0742106937312,5273.768564231036,5273.768564231036,zscore_exit,43
8266,2026-07-13 22:46:00+08:00,1.1523677075184773,8267,2026-07-13 22:47:00+08:00,open,1,1.2381959771977424,short_tsm_long_qff,151.45864999999998,151.45864999999998,152.0,152.0,True,-6021.445457225454,6000.0,3,3.289473684210526,1000000.0,912000.0,2000.0,227.99999999999994,264.0,18,509.99999999999994,8531,2026-07-14 03:11:00+08:00,-0.417888528787835,8532,2026-07-14 03:12:00+08:00,open,-0.5233632401292548,150.144372,150.144372,152.0,152.0,7913.853292631195,0.0,7913.853292631195,226.0215366768422,264.0,18,508.0215366768422,454.0215366768422,528.0,36,1018.0215366768421,6895.831755954352,6895.831755954352,zscore_exit,265
8563,2026-07-14 03:43:00+08:00,1.0404840329605023,8564,2026-07-14 03:44:00+08:00,open,1,0.9519270812868784,short_tsm_long_qff,150.950118,150.950118,151.5,151.5,True,-6021.856836176836,6000.0,3,3.3003300330033003,1000000.0,909000.0,2000.0,227.25,264.0,18,509.25,8593,2026-07-14 21:43:00+08:00,-0.2757476618470439,8594,2026-07-14 21:44:00+08:00,open,-0.3774892337278232,153.70916400000002,153.70916400000002,155.5,155.5,-16614.580016426426,24000.0,7385.419983573574,231.40364500410664,264.0,18,513.4036450041067,458.65364500410664,528.0,36,1022.6536450041067,6362.766338569468,6362.766338569468,zscore_exit,1080
8602,2026-07-14 21:52:00+08:00,-1.4663093280579669,8603,2026-07-14 21:53:00+08:00,open,1,-0.7595198487188913,long_tsm_short_qff,153.837576,153.837576,156.0,156.0,False,6084.339238418576,-6000.0,-3,3.2051282051282053,1000000.0,936000.0,2000.0,233.99999999999994,264.0,18,516.0,8689,2026-07-14 23:19:00+08:00,0.4183838146296,8690,2026-07-14 23:20:00+08:00,open,0.2763013086841003,155.30814,155.30814,156.5,156.5,8947.41024780575,-3000.0,5947.41024780575,236.23685256195142,264.0,18,518.2368525619514,470.23685256195137,528.0,36,1034.2368525619513,4913.173395243799,4913.173395243799,zscore_exit,87
8729,2026-07-14 23:59:00+08:00,1.0112333968920932,8730,2026-07-15 00:00:00+08:00,open,1,0.7973631149095203,short_tsm_long_qff,155.440415,155.440415,156.0,156.0,True,-6021.5999809316,6000.0,3,3.2051282051282053,1000000.0,936000.0,2000.0,234.0,264.0,18,516.0,8762,2026-07-15 00:32:00+08:00,-0.343400728670069,8763,2026-07-15 00:33:00+08:00,open,-0.6318877941921948,154.174134,154.174134,156.0,156.0,7625.037645454,0.0,7625.037645454,232.0937405886365,264.0,18,514.0937405886365,466.0937405886365,528.0,36,1030.0937405886366,6594.943904865364,6594.943904865364,zscore_exit,33
8795,2026-07-15 01:05:00+08:00,-1.1811803518240949,8796,2026-07-15 01:06:00+08:00,open,1,-0.99849934915133,long_tsm_short_qff,153.425525,153.425525,156.0,156.0,True,6100.6797923618,-6000.0,-3,3.2051282051282053,1000000.0,936000.0,2000.0,234.0,264.0,18,516.0,8860,2026-07-15 02:10:00+08:00,0.3120768560278481,8861,2026-07-15 02:11:00+08:00,open,0.2762899792618353,154.680194,154.680194,156.0,156.0,7654.333814402829,-0.0,7654.333814402829,235.91358345360072,264.0,18,517.9135834536007,469.9135834536007,528.0,36,1033.9135834536007,6620.420230949228,6620.420230949228,zscore_exit,65
8912,2026-07-15 03:02:00+08:00,-1.0643642783180358,8913,2026-07-15 03:03:00+08:00,open,1,-1.1740808701214096,long_tsm_short_qff,153.429344,153.429344,156.0,156.0,True,6100.527940730817,-6000.0,-3,3.2051282051282053,1000000.0,936000.0,2000.0,234.00000000000006,264.0,18,516.0,9360,2026-07-16 21:30:00+08:00,0.8692616784928401,9361,2026-07-16 21:31:00+08:00,open,0.4164434205982414,148.419148,148.419148,149.0,149.0,-30564.84068653765,42000.0,11435.15931346235,226.35878982836562,264.0,18,508.3587898283656,460.3587898283657,528.0,36,1024.3587898283656,10410.800523633985,10410.800523633985,zscore_exit,2548
9750,2026-07-17 21:30:00+08:00,1.9017647520154937,9751,2026-07-17 21:31:00+08:00,open,1,1.846329088449928,short_tsm_long_qff,132.45727599999998,132.45727599999998,133.0,133.0,False,-8032.778810882387,8000.0,4,3.7593984962406015,1000000.0,1064000.0,2000.0,266.0,352.0,20,638.0,10530,2026-07-21 21:30:00+08:00,-0.9072656608499998,10531,2026-07-21 21:31:00+08:00,open,-0.9577249615127322,136.69969600000002,136.69969600000002,140.0,140.0,-34078.42148286397,56000.0,21921.578517136033,274.51960537071596,352.0,24,650.5196053707159,540.5196053707159,704.0,44,1288.519605370716,20633.058911765318,20633.058911765318,zscore_exit,5760
10532,2026-07-21 21:32:00+08:00,-1.291085768456404,10533,2026-07-21 21:33:00+08:00,open,1,-1.0506621548457202,long_tsm_short_qff,135.9172616,135.9172616,139.0,139.0,False,8181.447940531492,-8000.0,-4,3.597122302158273,1000000.0,1112000.0,2000.0,278.0,352.0,24,654.0,11332,2026-07-23 21:52:00+08:00,0.3586830835285174,11333,2026-07-23 21:53:00+08:00,open,0.0521779515614832,135.31474400000002,135.31474400000002,136.5,136.5,-4929.4663776537345,20000.0,15070.533622346265,276.7676334055866,352.0,20,648.7676334055866,554.7676334055866,704.0,44,1302.7676334055866,13767.765988940679,13767.765988940679,zscore_exit,2900
11402,2026-07-23 23:02:00+08:00,-1.2776880377826838,11403,2026-07-23 23:03:00+08:00,open,1,-1.2760031461710148,long_tsm_short_qff,134.020285,134.020285,136.5,136.5,False,8148.0202791689335,-8000.0,-4,3.663003663003663,1000000.0,1092000.0,2000.0,273.0,352.0,20,645.0,11684,2026-07-24 03:47:00+08:00,0.2583638400233813,11685,2026-07-24 03:48:00+08:00,open,0.1381797316215419,134.960028,134.960028,136.0,136.0,7657.045021206993,4000.0,11657.045021206992,274.91426125530177,352.0,20,646.9142612553018,547.9142612553018,704.0,40,1291.9142612553019,10365.13075995169,10365.13075995169,zscore_exit,285
11739,2026-07-24 22:12:00+08:00,-1.0717586437961606,11740,2026-07-24 22:13:00+08:00,open,1,-0.90178476128052,long_tsm_short_qff,125.67458800000001,125.67458800000001,128.0,128.0,False,8148.0275073589255,-8000.0,-4,3.90625,1000000.0,1024000.0,2000.0,256.0,352.0,20,628.0,11747,2026-07-24 22:20:00+08:00,0.6500835975570604,11748,2026-07-24 22:21:00+08:00,open,-0.1237546575995733,124.73470999999999,124.73470999999999,125.5,125.5,-7658.151797561668,20000.0,12341.848202438332,254.08546205060958,352.0,20,626.0854620506095,510.0854620506096,704.0,40,1254.0854620506095,11087.762740387723,11087.762740387723,zscore_exit,8
11765,2026-07-24 22:38:00+08:00,1.2930811477689963,11766,2026-07-24 22:39:00+08:00,open,1,1.0309855106945287,short_tsm_long_qff,123.37919199999999,123.37919199999999,124.0,124.0,False,-8040.253659628441,8000.0,4,4.032258064516129,1000000.0,992000.0,2000.0,248.0,352.0,20,620.0,11853,2026-07-25 00:06:00+08:00,-0.2838092044952978,11854,2026-07-25 00:07:00+08:00,open,0.2011920922078976,126.07920000000001,126.07920000000001,127.5,127.5,-21708.74920302627,28000.0,6291.250796973731,253.42718730075651,352.0,20,625.4271873007565,501.4271873007565,704.0,40,1245.4271873007565,5045.823609672974,5045.823609672974,zscore_exit,88
11878,2026-07-25 00:32:00+08:00,1.1330419600668502,11879,2026-07-25 00:33:00+08:00,open,1,0.5418388685133707,short_tsm_long_qff,126.03240000000001,126.03240000000001,127.0,127.0,False,-8061.419127145083,8000.0,4,3.937007874015748,1000000.0,1016000.0,2000.0,254.0,352.0,20,626.0,12075,2026-07-27 21:34:00+08:00,-0.5221790019851074,12076,2026-07-27 21:35:00+08:00,open,0.8563724847055104,127.61008000000001,127.61008000000001,129.5,129.5,-12718.339728514262,20000.0,7281.660271485738,257.1795849321286,352.0,20,629.1795849321286,511.1795849321286,704.0,40,1255.1795849321286,6026.480686553609,6026.480686553609,zscore_exit,4142
12080,2026-07-27 21:39:00+08:00,1.0791811016092234,12081,2026-07-27 21:40:00+08:00,open,1,1.145005447676852,short_tsm_long_qff,128.17145,128.17145,129.0,129.0,False,-8051.715105040944,8000.0,4,3.875968992248062,1000000.0,1032000.0,2000.0,258.0,352.0,20,630.0,12109,2026-07-27 22:08:00+08:00,-0.4531600586682126,12110,2026-07-27 22:09:00+08:00,open,-0.0492745951542398,124.78788000000002,124.78788000000002,126.5,126.5,27243.541677963207,-20000.0,7243.541677963207,251.1891145805092,352.0,20,623.1891145805092,509.1891145805092,704.0,40,1253.1891145805093,5990.352563382698,5990.352563382698,zscore_exit,29
12121,2026-07-27 22:20:00+08:00,-1.5467725501981724,12122,2026-07-27 22:21:00+08:00,open,1,-1.301712399210715,long_tsm_short_qff,123.507552,123.507552,126.0,126.0,False,8161.444249174334,-8000.0,-4,3.9682539682539684,1000000.0,1008000.0,2000.0,252.0,352.0,20,624.0,12135,2026-07-27 22:34:00+08:00,0.7452724707148427,12136,2026-07-27 22:35:00+08:00,open,0.94299377516272,121.55552,121.55552,122.5,122.5,-15931.400340604296,28000.0,12068.599659395704,248.01714991484894,352.0,20,620.0171499148489,500.0171499148489,704.0,40,1244.017149914849,10824.582509480855,10824.582509480855,zscore_exit,14
12140,2026-07-27 22:39:00+08:00,1.080567023845943,12141,2026-07-27 22:40:00+08:00,open,1,1.548628503038721,short_tsm_long_qff,120.84687999999998,120.84687999999998,121.5,121.5,False,-8043.236201050454,8000.0,4,4.11522633744856,1000000.0,972000.0,2000.0,243.0,352.0,20,615.0,12172,2026-07-27 23:11:00+08:00,-0.3877423769752592,12173,2026-07-27 23:12:00+08:00,open,-0.0905845247751469,121.888408,121.888408,123.5,123.5,-8377.255714007788,16000.0,7622.744285992212,245.09431392850195,352.0,20,617.094313928502,488.09431392850195,704.0,40,1232.0943139285018,6390.64997206371,6390.64997206371,zscore_exit,32
12183,2026-07-27 23:22:00+08:00,-1.130665739668092,12184,2026-07-27 23:23:00+08:00,open,1,-0.6581162434005372,long_tsm_short_qff,121.21586400000001,121.21586400000001,123.0,123.0,False,8117.749340135874,-8000.0,-4,4.065040650406504,1000000.0,984000.0,2000.0,246.0,352.0,20,618.0,12187,2026-07-27 23:26:00+08:00,0.5638300766377864,12188,2026-07-27 23:27:00+08:00,open,-0.6591324921494456,120.43304,120.43304,122.0,122.0,-6354.769009442567,8000.0,1645.230990557433,244.41130774763934,352.0,20,616.4113077476393,490.41130774763934,704.0,40,1234.4113077476393,410.8196828097937,410.8196828097937,zscore_exit,4
12212,2026-07-27 23:51:00+08:00,1.0074903759144496,12213,2026-07-27 23:52:00+08:00,open,1,0.3356961308855373,short_tsm_long_qff,120.79213399999999,120.79213399999999,122.0,122.0,False,-8079.99633486068,8000.0,4,4.098360655737705,1000000.0,976000.0,2000.0,244.0,352.0,20,616.0,12217,2026-07-27 23:56:00+08:00,-0.3855625925152885,12218,2026-07-27 23:57:00+08:00,open,-0.2848786979612809,120.79078,120.79078,122.5,122.5,10.940315037337397,4000.0,4010.9403150373373,243.99726492124068,352.0,20,615.9972649212407,487.9972649212407,704.0,40,1231.9972649212407,2778.943050116097,2778.943050116097,zscore_exit,5
12222,2026-07-28 00:01:00+08:00,-1.1973242173095766,12223,2026-07-28 00:02:00+08:00,open,1,-1.296205615204227,long_tsm_short_qff,120.82307699999997,120.82307699999997,123.0,123.0,False,8144.139550427111,-8000.0,-4,4.065040650406504,1000000.0,984000.0,2000.0,246.0,352.0,20,618.0,12242,2026-07-28 00:21:00+08:00,0.3353524799416401,12243,2026-07-28 00:22:00+08:00,open,0.1345334954103135,120.62423199999998,120.62423199999998,122.0,122.0,-1619.4214289046097,8000.0,6380.5785710953905,245.59514464277382,352.0,20,617.5951446427738,491.5951446427738,704.0,40,1235.595144642774,5144.983426452616,5144.983426452616,zscore_exit,20
12339,2026-07-28 01:58:00+08:00,-1.1535837960091937,12340,2026-07-28 01:59:00+08:00,open,1,-0.9801300742034296,long_tsm_short_qff,120.37711999999999,120.37711999999999,122.5,122.5,True,8141.081959761124,-8000.0,-4,4.081632653061225,1000000.0,980000.0,2000.0,245.0,352.0,20,617.0,12362,2026-07-28 02:22:00+08:00,0.410010945301116,12363,2026-07-28 02:23:00+08:00,open,0.4592146267217526,120.88252799999998,120.88252799999998,122.0,122.0,4114.567951118857,4000.0,8114.567951118857,246.02864198777968,352.0,20,618.0286419877797,491.0286419877797,704.0,40,1235.0286419877798,6879.539309131078,6879.539309131078,zscore_exit,24
12401,2026-07-28 03:01:00+08:00,1.0786628109422356,12402,2026-07-28 03:02:00+08:00,open,1,0.5163843136265162,short_tsm_long_qff,122.41518099999999,122.41518099999999,123.5,123.5,False,-8070.894409738283,8000.0,4,4.048582995951417,1000000.0,988000.0,2000.0,247.0,352.0,20,619.0,13249,2026-07-30 21:39:00+08:00,-0.2970269086330691,13250,2026-07-30 21:40:00+08:00,open,0.4453736792978452,115.06660400000001,115.06660400000001,114.5,114.5,59309.58902883114,-72000.0,-12690.410971168858,232.1726027427922,352.0,20,604.1726027427922,479.1726027427922,704.0,40,1223.1726027427922,-13913.58357391165,-13913.58357391165,zscore_exit,3998
13662,2026-07-31 22:03:00+08:00,1.032709587174463,13663,2026-07-31 22:04:00+08:00,open,1,0.976519434473478,short_tsm_long_qff,124.171956,124.171956,121.5,121.5,False,-7827.854463370135,8000.0,4,4.11522633744856,1000000.0,972000.0,2000.0,243.0,352.0,20,615.0,13668,2026-07-31 22:09:00+08:00,-0.3833050007301149,13669,2026-07-31 22:10:00+08:00,open,-0.18903698352824,122.04486,122.04486,121.0,121.0,16650.597917616717,-4000.0,12650.597917616717,238.8373505205958,352.0,20,610.8373505205958,481.8373505205958,704.0,40,1225.837350520596,11424.76056709612,11424.76056709612,zscore_exit,6
13678,2026-07-31 22:19:00+08:00,-1.1971901649629784,13679,2026-07-31 22:20:00+08:00,open,1,-0.7504353602113271,long_tsm_short_qff,123.15406,123.15406,123.5,123.5,False,8022.472015944907,-8000.0,-4,4.048582995951417,1000000.0,988000.0,2000.0,247.0,352.0,20,619.0,14019,2026-08-03 21:30:00+08:00,0.9119777019916986,14020,2026-08-03 21:31:00+08:00,open,0.9951163139149344,113.72585199999999,113.72585199999999,112.0,112.0,-75637.534840508,92000.0,16362.465159492,228.09061628987305,352.0,16,596.0906162898731,475.0906162898731,704.0,36,1215.0906162898732,15147.374543202126,15147.374543202126,zscore_exit,4271
14021,2026-08-03 21:32:00+08:00,1.487885294869329,14022,2026-08-03 21:33:00+08:00,open,1,0.8865914262208798,short_tsm_long_qff,114.828098,114.828098,112.5,112.5,False,-7837.802904303092,8000.0,4,4.444444444444445,1000000.0,900000.0,2000.0,225.0,352.0,20,597.0,14406,2026-08-04 21:30:00+08:00,-1.883265202402816,14407,2026-08-04 21:31:00+08:00,open,-1.674075811743641,127.48881200000001,127.48881200000001,128.5,128.5,-99232.18095975091,128000.0,28767.819040249087,249.80804523993777,352.0,20,621.8080452399378,474.80804523993777,704.0,40,1218.8080452399377,27549.01099500915,27549.01099500915,zscore_exit,1438
14408,2026-08-04 21:32:00+08:00,-1.804473241654276,14409,2026-08-04 21:33:00+08:00,open,1,-1.784402220820129,long_tsm_short_qff,128.460032,128.460032,129.0,129.0,False,8033.627144044304,-8000.0,-4,3.875968992248062,1000000.0,1032000.0,2000.0,258.0,352.0,20,630.0,14502,2026-08-04 23:06:00+08:00,0.3055701073260745,14503,2026-08-04 23:07:00+08:00,open,0.0160509038064264,131.754532,131.754532,130.5,130.5,26466.784626053955,-12000.0,14466.784626053955,264.61669615651346,352.0,20,636.6166961565134,522.6166961565134,704.0,40,1266.6166961565134,13200.167929897441,13200.167929897441,zscore_exit,94
14632,2026-08-05 01:17:00+08:00,1.0336239558427898,14633,2026-08-05 01:18:00+08:00,open,1,0.71271143082585,short_tsm_long_qff,133.592856,133.592856,131.5,131.5,False,-7874.67257979723,8000.0,4,3.802281368821293,1000000.0,1052000.0,2000.0,263.0,352.0,20,635.0,14789,2026-08-05 03:59:00+08:00,0.6615327827151734,14789,2026-08-05 03:59:00+08:00,close,0.6615327827151734,133.65,,131.5,,-449.99028989988466,0.0,-449.99028989988466,263.11249757247504,352.0,20,635.112497572475,526.112497572475,704.0,40,1270.1124975724751,-1720.1027874723598,-1720.1027874723598,end_of_data,161
