entry_signal_idx,entry_signal_time,entry_signal_zscore,entry_idx,entry_time,entry_fill_price_type,entry_delay_minutes,entry_fill_zscore,direction,entry_tsm_twd_fair,entry_tsm_twd_fair_open,entry_qff_close,entry_qff_open_filled,entry_qff_open_was_filled,tsm_units,qff_units,qff_contracts,raw_qff_contracts,leg_notional_twd,actual_leg_notional_twd,qff_contract_multiplier,entry_tsm_fee_twd,entry_qff_fee_twd,entry_qff_tax_twd,entry_crossing_cost_twd,entry_fee_twd,exit_signal_idx,exit_signal_time,exit_signal_zscore,exit_idx,exit_time,exit_fill_price_type,exit_fill_zscore,exit_tsm_twd_fair,exit_tsm_twd_fair_open,exit_qff_close,exit_qff_open_filled,tsm_pnl,qff_pnl,gross_pnl_twd,exit_tsm_fee_twd,exit_qff_fee_twd,exit_qff_tax_twd,exit_crossing_cost_twd,exit_fee_twd,tsm_fee_twd,qff_fee_twd,qff_tax_twd,crossing_cost_twd,total_fee_twd,net_pnl_twd,total_pnl,exit_reason,holding_minutes
1,2026-06-09 21:31:00+08:00,-2.9536976361727745,2,2026-06-09 21:32:00+08:00,open,1,-2.913985650154459,long_tsm_short_qff,129.32710400000002,129.32710400000002,131.0,131.0,False,8103.483087350351,-8000.0,-4,3.816793893129771,1000000.0,1048000.0,2000.0,262.0,352.0,20,2254.248,2888.248,158,2026-06-10 00:08:00+08:00,0.9316067459257404,159,2026-06-10 00:09:00+08:00,open,0.2016571278474589,120.484765,120.484765,120.0,120.0,-71653.7445391186,88000.0,16346.255460881395,244.08656386522037,352.0,20,2100.120795496356,2716.2073593615764,506.08656386522034,704.0,40,4354.368795496356,5604.4553593615765,10741.800101519819,10741.800101519819,zscore_exit,157
390,2026-06-10 21:30:00+08:00,3.677290170233734,391,2026-06-10 21:31:00+08:00,open,1,3.744150180773137,short_tsm_long_qff,123.01396499999998,123.01396499999998,121.0,121.0,False,-7869.025276926893,8000.0,4,4.132231404958677,1000000.0,968000.0,2000.0,242.0,352.0,20,2082.168,2696.168,730,2026-06-11 03:10:00+08:00,-1.271457506850523,731,2026-06-11 03:11:00+08:00,open,-0.7340912185029151,120.03308999999999,120.03308999999999,119.5,119.5,23456.58072235943,-12000.0,11456.580722359431,236.1358548194101,352.0,20,2031.7128948662048,2639.848749685615,478.1358548194101,704.0,40,4113.8808948662045,5336.016749685616,6120.563972673815,6120.563972673815,zscore_exit,340
780,2026-06-11 21:30:00+08:00,-5.212949303583491,781,2026-06-11 21:31:00+08:00,open,1,-5.39695258986781,long_tsm_short_qff,126.20369999999998,126.20369999999998,128.0,128.0,False,8113.866709137689,-8000.0,-4,3.90625,1000000.0,1024000.0,2000.0,256.0,352.0,20,2202.6240000000003,2830.6240000000003,1141,2026-06-12 03:31:00+08:00,1.109279351559502,1142,2026-06-12 03:32:00+08:00,open,0.4649607075119283,131.33016100000003,131.33016100000003,132.5,132.5,41595.421243593104,-36000.0,5595.421243593104,266.3988553108983,352.0,20,2292.095751094969,2930.494606405867,522.3988553108983,704.0,40,4494.719751094969,5761.1186064058675,-165.69736281276346,-165.69736281276346,zscore_exit,361
1561,2026-06-15 21:31:00+08:00,-3.657641810039788,1562,2026-06-15 21:32:00+08:00,open,1,-2.7376936714933127,long_tsm_short_qff,142.776341,142.776341,146.5,146.5,False,6156.482186358873,-6000.0,-3,3.4129692832764507,1000000.0,879000.0,2000.0,219.75,264.0,18,1890.7290000000003,2392.4790000000003,1575,2026-06-15 21:45:00+08:00,1.7798024784761306,1576,2026-06-15 21:46:00+08:00,open,-0.7009583908559551,146.12114400000002,146.12114400000002,148.0,148.0,20592.2200863798,-9000.0,11592.220086379799,224.89805502159493,264.0,18,1935.022865405803,2441.920920427398,444.6480550215949,528.0,36,3825.751865405803,4834.399920427399,6757.8201659524,6757.8201659524,zscore_exit,14
1950,2026-06-16 21:30:00+08:00,7.064494996807854,1951,2026-06-16 21:31:00+08:00,open,1,4.998261781391412,short_tsm_long_qff,141.3671972,141.3671972,141.0,141.0,False,-7979.22023172148,8000.0,4,3.5460992907801416,1000000.0,1128000.0,2000.0,282.0,352.0,24,2426.328,3084.328,2332,2026-06-17 03:52:00+08:00,-1.2869126210437256,2333,2026-06-17 03:53:00+08:00,open,-0.5319427241985496,137.0337,137.0337,137.0,137.0,34577.92853234824,-32000.0,2577.92853234824,273.355517866913,352.0,20,2351.950875726919,2997.306393593832,555.355517866913,704.0,44,4778.278875726919,6081.634393593832,-3503.705861245592,-3503.705861245592,zscore_exit,382
2340,2026-06-17 21:30:00+08:00,-6.143784222282441,2341,2026-06-17 21:31:00+08:00,open,1,-5.86429645497789,long_tsm_short_qff,140.169792,140.169792,143.0,143.0,False,6121.147700640092,-6000.0,-3,3.4965034965034967,1000000.0,858000.0,2000.0,214.5,264.0,18,1845.5580000000002,2342.058,2684,2026-06-18 03:14:00+08:00,0.8958110261891187,2685,2026-06-18 03:15:00+08:00,open,0.136740751039481,141.21008999999998,141.21008999999998,143.5,143.5,6367.817710680356,-3000.0,3367.817710680356,216.0919544276701,264.0,18,1859.2551758956733,2357.3471303233437,430.5919544276701,528.0,36,3704.8131758956733,4699.405130323344,-1331.5874196429877,-1331.5874196429877,zscore_exit,344
2730,2026-06-18 21:30:00+08:00,-5.465620835612637,2731,2026-06-18 21:31:00+08:00,open,1,-4.827058222487067,long_tsm_short_qff,146.68074,146.68074,152.5,152.5,False,6238.037795555163,-6000.0,-3,3.278688524590164,1000000.0,915000.0,2000.0,228.74999999999994,264.0,18,1968.165,2478.915,3041,2026-06-19 02:41:00+08:00,0.9014997529927812,3042,2026-06-19 02:42:00+08:00,open,0.3122537341447625,149.94360799999998,149.94360799999998,154.0,154.0,20353.89390590747,-9000.0,11353.89390590747,233.83847347647688,264.0,18,2011.946225791607,2527.784699268084,462.5884734764768,528.0,36,3980.111225791607,5006.699699268083,6347.194206639386,6347.194206639386,zscore_exit,311
3125,2026-06-22 21:35:00+08:00,4.48100711272582,3126,2026-06-22 21:36:00+08:00,open,1,5.4741913316188215,short_tsm_long_qff,176.290816,176.290816,179.5,179.5,False,-6109.223523022322,6000.0,3,2.785515320334262,1000000.0,1077000.0,2000.0,269.25,264.0,21,2316.627,2870.877,3388,2026-06-23 01:58:00+08:00,-0.8978274592712502,3389,2026-06-23 01:59:00+08:00,open,-0.896889771539275,174.12725,174.12725,179.5,179.5,13217.708300811331,0.0,13217.708300811331,265.9455729247972,264.0,21,2288.1957094449554,2839.141282369753,535.1955729247973,528.0,42,4604.822709444956,5710.018282369752,7507.690018441579,7507.690018441579,zscore_exit,263
3900,2026-06-24 21:30:00+08:00,3.880635503015023,3901,2026-06-24 21:31:00+08:00,open,1,3.548459411294489,short_tsm_long_qff,172.207755,172.207755,174.0,174.0,False,-6062.44474878614,6000.0,3,2.8735632183908044,1000000.0,1044000.0,2000.0,261.00000000000006,264.0,21,2245.6440000000007,2791.6440000000007,3915,2026-06-24 21:45:00+08:00,-1.267854671448525,3916,2026-06-24 21:46:00+08:00,open,1.722205421133426,169.909573,169.909573,174.5,174.5,13932.601397654811,3000.0,16932.601397654813,257.5168496505863,264.0,21,2215.674974393645,2758.191824044231,518.5168496505864,528.0,42,4461.3189743936455,5549.835824044232,11382.76557361058,11382.76557361058,zscore_exit,15
3951,2026-06-24 22:21:00+08:00,3.0479648918918008,3952,2026-06-24 22:22:00+08:00,open,1,2.811117001830524,short_tsm_long_qff,173.25672,173.25672,175.5,175.5,False,-6077.686337361113,6000.0,3,2.849002849002849,1000000.0,1053000.0,2000.0,263.25,264.0,21,2265.003,2813.253,4172,2026-06-25 02:02:00+08:00,-0.9416215431160868,4173,2026-06-25 02:03:00+08:00,open,-1.051234024320865,175.44085,175.44085,179.5,179.5,-13274.457060020592,24000.0,10725.542939979408,266.5686142650051,264.0,21,2293.556357136104,2845.124971401109,529.8186142650052,528.0,42,4558.559357136104,5658.377971401109,5067.1649685782995,5067.1649685782995,zscore_exit,221
4319,2026-06-25 21:59:00+08:00,3.255144297530801,4320,2026-06-25 22:00:00+08:00,open,1,2.623944758023949,short_tsm_long_qff,175.59120000000001,175.59120000000001,176.0,176.0,False,-6013.968809370856,6000.0,3,2.840909090909091,1000000.0,1056000.0,2000.0,264.0,264.0,21,2271.456,2820.456,4476,2026-06-26 00:36:00+08:00,-1.0531836071465943,4477,2026-06-26 00:37:00+08:00,open,-0.4470950405874358,175.81942800000002,175.81942800000002,179.5,179.5,-1372.5560734251005,21000.0,19627.4439265749,264.3431390183563,264.0,21,2274.4083681139377,2823.751507132294,528.3431390183563,528.0,42,4545.864368113938,5644.207507132294,13983.236419442605,13983.236419442605,zscore_exit,157
4680,2026-06-26 21:30:00+08:00,4.518610303730922,4681,2026-06-26 21:31:00+08:00,open,1,2.880279880551265,short_tsm_long_qff,165.90084,165.90084,165.0,165.0,False,-5967.420056462644,6000.0,3,3.0303030303030303,1000000.0,990000.0,2000.0,247.50000000000006,264.0,21,2129.4900000000002,2661.9900000000002,4762,2026-06-26 22:52:00+08:00,-0.9819366304596846,4763,2026-06-26 22:53:00+08:00,open,-0.5653254462329389,160.644456,160.644456,162.5,162.5,31367.051306069323,-15000.0,16367.051306069323,239.6582371734827,264.0,21,2062.0194726406453,2586.677709814128,487.15823717348275,528.0,42,4191.509472640646,5248.667709814128,11118.383596255195,11118.383596255195,zscore_exit,82
5514,2026-06-30 22:24:00+08:00,3.7429751652351984,5515,2026-06-30 22:25:00+08:00,open,1,2.2266432659544115,short_tsm_long_qff,172.175694,172.175694,172.5,172.5,False,-6011.301455825699,6000.0,3,2.898550724637681,1000000.0,1035000.0,2000.0,258.75,264.0,21,2226.285,2770.035,5651,2026-07-01 00:41:00+08:00,-1.1830907728141105,5652,2026-07-01 00:42:00+08:00,open,-0.0579045645573182,169.88256600000003,169.88256600000003,172.0,172.0,13784.683684794478,-3000.0,10784.683684794478,255.30382907880139,264.0,21,2196.634145394007,2736.9379744728085,514.0538290788014,528.0,42,4422.9191453940075,5506.972974472808,5277.7107103216695,5277.7107103216695,zscore_exit,137
5853,2026-07-01 21:33:00+08:00,-3.520331283106012,5854,2026-07-01 21:34:00+08:00,open,1,-4.5899154334206775,long_tsm_short_qff,166.16774099999998,166.16774099999998,169.5,169.5,False,6120.321512946368,-6000.0,-3,2.949852507374631,1000000.0,1017000.0,2000.0,254.25000000000006,264.0,21,2187.5670000000005,2726.8170000000005,6185,2026-07-02 03:05:00+08:00,1.088328085698005,6186,2026-07-02 03:06:00+08:00,open,0.8269115665757427,166.958472,166.958472,169.5,169.5,4839.5279502537305,-0.0,4839.5279502537305,255.45988198756342,264.0,21,2197.976824620996,2738.4367066085597,509.70988198756345,528.0,42,4385.543824620996,5465.253706608561,-625.7257563548301,-625.7257563548301,zscore_exit,332
6240,2026-07-02 21:30:00+08:00,5.114214202724585,6241,2026-07-02 21:31:00+08:00,open,1,5.194513911997486,short_tsm_long_qff,165.43417799999997,165.43417799999997,166.5,166.5,False,-6038.655446397541,6000.0,3,3.003003003003003,1000000.0,999000.0,2000.0,249.75000000000006,264.0,21,2148.8490000000006,2683.5990000000006,6298,2026-07-02 22:28:00+08:00,-1.720326175053047,6299,2026-07-02 22:29:00+08:00,open,-0.9369446681103968,162.483456,162.483456,166.0,166.0,17818.393476104953,-3000.0,14818.393476104953,245.29540163097383,264.0,21,2110.5216356328983,2640.8170372638724,495.04540163097386,528.0,42,4259.3706356328985,5324.416037263873,9493.97743884108,9493.97743884108,zscore_exit,58
6314,2026-07-02 22:44:00+08:00,-3.244903954429455,6315,2026-07-02 22:45:00+08:00,open,1,-2.444725837578863,long_tsm_short_qff,159.89966099999998,159.89966099999998,165.0,165.0,False,6191.38273219979,-6000.0,-3,3.0303030303030303,1000000.0,990000.0,2000.0,247.5,264.0,21,2129.49,2661.99,6459,2026-07-03 01:09:00+08:00,1.1346903192727524,6460,2026-07-03 01:10:00+08:00,open,0.7179859660782096,156.10896,156.10896,158.5,158.5,-23469.68071433238,39000.0,15530.319285667621,241.63257982141693,264.0,18,2079.006716783471,2602.639296604888,489.1325798214169,528.0,39,4208.496716783471,5264.629296604888,10265.689989062734,10265.689989062734,zscore_exit,145
7020,2026-07-07 21:30:00+08:00,2.8606223468726046,7021,2026-07-07 21:31:00+08:00,open,1,3.07362100387121,short_tsm_long_qff,156.5992,156.5992,156.5,156.5,False,-5996.199214299945,6000.0,3,3.194888178913738,1000000.0,939000.0,2000.0,234.75,264.0,18,2019.7890000000002,2536.539,7390,2026-07-08 03:40:00+08:00,-0.9566937047033984,7391,2026-07-08 03:41:00+08:00,open,-0.2331896701087875,151.629078,151.629078,153.0,153.0,29801.841631374893,-21000.0,8801.841631374893,227.2995395921563,264.0,18,1955.6852386509127,2464.984778243069,462.0495395921563,528.0,36,3975.474238650913,5001.523778243069,3800.3178531318244,3800.3178531318244,zscore_exit,370
7412,2026-07-08 21:32:00+08:00,-3.961858206133674,7413,2026-07-08 21:33:00+08:00,open,1,-3.3523625298872908,long_tsm_short_qff,157.226748,157.226748,160.0,160.0,False,6105.831305497714,-6000.0,-3,3.125,1000000.0,960000.0,2000.0,240.00000000000006,264.0,18,2064.9600000000005,2586.9600000000005,7800,2026-07-09 21:30:00+08:00,2.9787605345401578,7801,2026-07-09 21:31:00+08:00,open,2.1881957621356998,160.26636000000002,160.26636000000002,161.5,161.5,18559.358106166725,-9000.0,9559.358106166725,244.63983952654172,264.0,18,2104.881179286365,2631.5210188129067,484.6398395265418,528.0,36,4169.841179286365,5218.481018812907,4340.877087353818,4340.877087353818,zscore_exit,1438
7803,2026-07-09 21:33:00+08:00,3.735095120125546,7804,2026-07-09 21:34:00+08:00,open,1,3.6511542478090417,short_tsm_long_qff,160.84563599999998,160.84563599999998,161.5,161.5,False,-6024.409639562743,6000.0,3,3.0959752321981426,1000000.0,969000.0,2000.0,242.25000000000006,264.0,18,2084.3190000000004,2608.5690000000004,8142,2026-07-10 03:12:00+08:00,-0.9409381239190449,8143,2026-07-10 03:13:00+08:00,open,-1.0607197583531414,160.633562,160.633562,162.5,162.5,1277.6206499004652,6000.0,7277.620649900466,241.9305948375249,264.0,21,2081.5708379820644,2608.5014328195894,484.18059483752495,528.0,39,4165.889837982065,5217.07043281959,2060.550217080876,2060.550217080876,zscore_exit,339
8193,2026-07-13 21:33:00+08:00,-5.327843452582982,8194,2026-07-13 21:34:00+08:00,open,1,-4.208094826454004,long_tsm_short_qff,150.654686,150.654686,153.5,153.5,False,6113.3179753864415,-6000.0,-3,3.257328990228013,1000000.0,921000.0,2000.0,230.25000000000006,264.0,18,1981.0710000000004,2493.3210000000004,8304,2026-07-13 23:24:00+08:00,1.106144244528441,8305,2026-07-13 23:25:00+08:00,open,0.7250130168286082,152.194348,152.194348,152.5,152.5,9412.443380619396,6000.0,15412.443380619396,232.60311084515484,264.0,18,2001.3171657117125,2515.920276556867,462.8531108451549,528.0,36,3982.3881657117126,5009.241276556868,10403.202104062528,10403.202104062528,zscore_exit,111
8618,2026-07-14 22:08:00+08:00,-3.3631904505503645,8619,2026-07-14 22:09:00+08:00,open,1,-2.6074446783912824,long_tsm_short_qff,152.60340000000002,152.60340000000002,155.0,155.0,False,6094.228568957178,-6000.0,-3,3.225806451612903,1000000.0,930000.0,2000.0,232.5,264.0,18,2000.43,2514.9300000000003,8729,2026-07-14 23:59:00+08:00,1.1001544374888397,8730,2026-07-15 00:00:00+08:00,open,0.8198882264163514,155.440415,155.440415,156.0,156.0,17289.417863559924,-6000.0,11289.417863559924,236.82235446589,264.0,18,2037.6195378245175,2556.4418922904074,469.32235446589,528.0,36,4038.0495378245178,5071.371892290408,6218.045971269516,6218.045971269516,zscore_exit,111
8971,2026-07-15 21:31:00+08:00,-3.3830602649901182,8972,2026-07-15 21:32:00+08:00,open,1,-4.54009890662541,long_tsm_short_qff,165.06725065999998,165.06725065999998,169.0,169.0,False,6142.950803055437,-6000.0,-3,2.9585798816568047,1000000.0,1014000.0,2000.0,253.5,264.0,21,2181.114,2719.614,9346,2026-07-16 03:46:00+08:00,1.3227678481170984,9347,2026-07-16 03:47:00+08:00,open,0.7730565717686254,160.00964400000004,160.00964400000004,164.0,164.0,-31068.628893585206,30000.0,-1068.6288935852062,245.73284277660372,264.0,21,2114.2853792498986,2645.0182220265024,499.2328427766037,528.0,42,4295.399379249899,5364.632222026503,-6433.261115611709,-6433.261115611709,zscore_exit,375
9360,2026-07-16 21:30:00+08:00,7.88249407228792,9361,2026-07-16 21:31:00+08:00,open,1,6.126568930161837,short_tsm_long_qff,148.419148,148.419148,149.0,149.0,False,-6023.481552393765,6000.0,3,3.3557046979865772,1000000.0,894000.0,2000.0,223.5,264.0,18,1922.9940000000001,2428.494,9702,2026-07-17 03:12:00+08:00,-1.0680004060043384,9703,2026-07-17 03:13:00+08:00,open,-0.6274023731704367,142.900976,142.900976,145.5,145.5,33238.60724493576,-21000.0,12238.60724493576,215.19034818876608,264.0,18,1851.4977558161436,2348.6881040049097,438.69034818876605,528.0,36,3774.4917558161437,4777.18210400491,7461.42514093085,7461.42514093085,zscore_exit,342
9750,2026-07-17 21:30:00+08:00,4.426391057018013,9751,2026-07-17 21:31:00+08:00,open,1,4.182831567743921,short_tsm_long_qff,132.45727599999998,132.45727599999998,133.0,133.0,False,-8032.778810882387,8000.0,4,3.7593984962406015,1000000.0,1064000.0,2000.0,266.0,352.0,20,2288.664,2926.664,10041,2026-07-18 02:21:00+08:00,-1.308349072187939,10042,2026-07-18 02:22:00+08:00,open,-0.6080525520888959,137.20101200000002,137.20101200000002,138.5,138.5,-38105.3820252203,44000.0,5894.6179747797,275.52634550630506,352.0,24,2370.628676736249,3022.155022242554,541.526345506305,704.0,44,4659.29267673625,5948.819022242555,-54.20104746285506,-54.20104746285506,zscore_exit,291
10140,2026-07-20 21:30:00+08:00,3.872788434790476,10141,2026-07-20 21:31:00+08:00,open,1,3.446229559565921,short_tsm_long_qff,135.268212,135.268212,133.5,133.5,False,-7895.424831962738,8000.0,4,3.745318352059925,1000000.0,1068000.0,2000.0,267.0,352.0,20,2297.268,2936.268,10483,2026-07-21 03:13:00+08:00,-1.5052247466825923,10484,2026-07-21 03:14:00+08:00,open,-1.4705408795369894,131.63409900000002,131.63409900000002,132.0,132.0,28692.86602235848,-12000.0,16692.86602235848,259.8267834944104,352.0,20,2235.549645185907,2867.3764286803175,526.8267834944104,704.0,40,4532.817645185907,5803.644428680318,10889.221593678163,10889.221593678163,zscore_exit,343
10530,2026-07-21 21:30:00+08:00,-8.060924450611756,10531,2026-07-21 21:31:00+08:00,open,1,-7.672903913101992,long_tsm_short_qff,136.69969600000002,136.69969600000002,140.0,140.0,False,8193.14184868414,-8000.0,-4,3.5714285714285716,1000000.0,1120000.0,2000.0,280.0,352.0,24,2409.1200000000003,3065.1200000000003,10917,2026-07-22 03:57:00+08:00,2.0352483646409096,10918,2026-07-22 03:58:00+08:00,open,0.9566454737232676,137.30877,137.30877,139.0,139.0,4990.229678345383,8000.0,12990.229678345382,281.24755741958637,352.0,24,2419.8539840381213,3077.1015414577078,561.2475574195864,704.0,48,4828.973984038122,6142.221541457708,6848.0081368876745,6848.0081368876745,zscore_exit,387
11314,2026-07-23 21:34:00+08:00,3.404565210075852,11315,2026-07-23 21:35:00+08:00,open,1,0.3969054882969258,short_tsm_long_qff,135.007892,135.007892,136.5,136.5,False,-8088.416046078254,8000.0,4,3.663003663003663,1000000.0,1092000.0,2000.0,273.0,352.0,20,2348.8920000000003,2993.8920000000003,11402,2026-07-23 23:02:00+08:00,-1.3237608545315551,11403,2026-07-23 23:03:00+08:00,open,-1.317872427516577,134.020285,134.020285,136.5,136.5,7988.176306019182,0.0,7988.176306019182,271.00295592349516,352.0,20,2331.709432765753,2974.7123886892477,544.0029559234952,704.0,40,4680.601432765753,5968.604388689248,2019.5719173299349,2019.5719173299349,zscore_exit,88
11700,2026-07-24 21:33:00+08:00,3.462917738901145,11701,2026-07-24 21:34:00+08:00,open,1,2.309486449154102,short_tsm_long_qff,129.70288799999997,129.70288799999997,130.0,130.0,False,-8018.325698345285,8000.0,4,3.8461538461538463,1000000.0,1040000.0,2000.0,260.0,352.0,20,2237.04,2869.04,11726,2026-07-24 21:59:00+08:00,-1.754223891741037,11727,2026-07-24 22:00:00+08:00,open,-0.5542035587073293,125.24094000000002,125.24094000000002,127.0,127.0,35777.352313079944,-24000.0,11777.352313079944,251.05566192173004,352.0,20,2160.082915174565,2783.138577096295,511.05566192173,704.0,40,4397.122915174565,5652.178577096295,6125.173735983649,6125.173735983649,zscore_exit,26
11765,2026-07-24 22:38:00+08:00,3.8345635788492327,11766,2026-07-24 22:39:00+08:00,open,1,3.1666285218397685,short_tsm_long_qff,123.37919199999999,123.37919199999999,124.0,124.0,False,-8040.253659628441,8000.0,4,4.032258064516129,1000000.0,992000.0,2000.0,248.0,352.0,20,2133.792,2753.792,11856,2026-07-25 00:09:00+08:00,-1.2247125204638198,11857,2026-07-25 00:10:00+08:00,open,0.0057754685289646,126.504394,126.504394,128.5,128.5,-25127.41681757825,36000.0,10872.58318242175,254.28185420439456,352.0,20,2187.841073574611,2814.1229277790057,502.28185420439456,704.0,40,4321.6330735746105,5567.914927779006,5304.668254642744,5304.668254642744,zscore_exit,91
12121,2026-07-27 22:20:00+08:00,-3.1197396413407548,12122,2026-07-27 22:21:00+08:00,open,1,-2.847383576234144,long_tsm_short_qff,123.507552,123.507552,126.0,126.0,False,8161.444249174334,-8000.0,-4,3.9682539682539684,1000000.0,1008000.0,2000.0,252.0,352.0,20,2168.208,2792.208,12407,2026-07-28 03:07:00+08:00,1.042909163997669,12408,2026-07-28 03:08:00+08:00,open,0.1552313812934553,123.08185599999997,123.08185599999997,124.0,124.0,-3474.294171096766,16000.0,12525.705828903234,251.1314264572258,352.0,20,2160.734793237971,2783.8662196951973,503.1314264572258,704.0,40,4328.942793237971,5576.074219695198,6949.631609208036,6949.631609208036,zscore_exit,287
12460,2026-07-28 21:30:00+08:00,8.192786413286829,12461,2026-07-28 21:31:00+08:00,open,1,10.4063284072985,short_tsm_long_qff,108.421632,108.421632,106.0,106.0,False,-9776.646785763194,10000.0,5,4.716981132075472,1000000.0,1060000.0,2000.0,265.0,440.0,20,2280.06,3005.06,12813,2026-07-29 03:23:00+08:00,-0.7070497842316422,12814,2026-07-29 03:24:00+08:00,open,-0.6336349480417273,113.11917000000001,113.11917000000001,112.0,112.0,-45926.16978870055,60000.0,14073.83021129945,276.4815424471751,440.0,20,2378.847191215495,3115.32873366267,541.4815424471751,880.0,40,4658.907191215495,6120.38873366267,7953.441477636779,7953.441477636779,zscore_exit,353
12857,2026-07-29 21:37:00+08:00,2.949932050423924,12858,2026-07-29 21:38:00+08:00,open,1,0.2675491787798551,short_tsm_long_qff,114.733456,114.733456,110.5,110.5,False,-9631.01817485564,10000.0,5,4.524886877828054,1000000.0,1105000.0,2000.0,276.25,440.0,20,2376.8550000000005,3113.1050000000005,12886,2026-07-29 22:06:00+08:00,-1.0055914495398304,12887,2026-07-29 22:07:00+08:00,open,-0.5367889039987579,112.701894,112.701894,111.0,111.0,19566.01054534615,5000.0,24566.01054534615,271.35849736366345,440.0,20,2334.7685113169605,3066.127008680624,547.6084973636634,880.0,40,4711.6235113169605,6179.232008680625,18386.778536665526,18386.778536665526,zscore_exit,29
13241,2026-07-30 21:31:00+08:00,-3.369487968406607,13242,2026-07-30 21:32:00+08:00,open,1,-2.414248214336388,long_tsm_short_qff,115.579776,115.579776,115.0,115.0,False,7959.870072771209,-8000.0,-4,4.3478260869565215,1000000.0,920000.0,2000.0,230.0,352.0,20,1978.92,2580.92,13607,2026-07-31 03:38:00+08:00,1.0265199607712103,13608,2026-07-31 03:39:00+08:00,open,1.0994133681234253,122.285148,122.285148,121.0,121.0,53373.88990959812,-48000.0,5373.889909598118,243.34347247739956,352.0,20,2093.727237195546,2709.0707096729457,473.3434724773996,704.0,40,4072.647237195546,5289.990709672946,83.89919992517207,83.89919992517207,zscore_exit,367
13648,2026-07-31 21:49:00+08:00,3.583193156358437,13649,2026-07-31 21:50:00+08:00,open,1,1.928636169866003,short_tsm_long_qff,124.86168000000002,124.86168000000002,122.5,122.5,False,-7848.685040918878,8000.0,4,4.081632653061225,1000000.0,980000.0,2000.0,245.0,352.0,20,2107.98,2724.98,13671,2026-07-31 22:12:00+08:00,-1.4154088116530066,13672,2026-07-31 22:13:00+08:00,open,-0.4112535528561238,123.01347000000001,123.01347000000001,122.0,122.0,14506.018179476749,-4000.0,10506.018179476749,241.37349545513084,352.0,20,2076.7775548959457,2690.1510503510767,486.37349545513086,704.0,40,4184.757554895946,5415.131050351077,5090.887129125672,5090.887129125672,zscore_exit,23
13678,2026-07-31 22:19:00+08:00,-3.7310692519495743,13679,2026-07-31 22:20:00+08:00,open,1,-2.1211770336884235,long_tsm_short_qff,123.15406,123.15406,123.5,123.5,False,8022.472015944907,-8000.0,-4,4.048582995951417,1000000.0,988000.0,2000.0,247.0,352.0,20,2125.188,2744.188,14019,2026-08-03 21:30:00+08:00,4.33818202666485,14020,2026-08-03 21:31:00+08:00,open,4.395853054603342,113.72585199999999,113.72585199999999,112.0,112.0,-75637.534840508,92000.0,16362.465159492,228.09061628987305,352.0,16,1962.4916625580677,2558.582278847941,475.0906162898731,704.0,36,4087.679662558068,5302.770278847941,11059.69488064406,11059.69488064406,zscore_exit,4271
14021,2026-08-03 21:32:00+08:00,5.23164714186482,14022,2026-08-03 21:33:00+08:00,open,1,3.933785989289137,short_tsm_long_qff,114.828098,114.828098,112.5,112.5,False,-7837.802904303092,8000.0,4,4.444444444444445,1000000.0,900000.0,2000.0,225.0,352.0,20,1935.9,2532.9,14341,2026-08-04 02:55:00+08:00,-0.7486580689285058,14342,2026-08-04 02:56:00+08:00,open,-0.7540387200836165,120.82518,120.82518,119.0,119.0,-47003.94671694384,52000.0,4996.053283056157,236.75098667923598,352.0,20,2037.0054893881463,2645.756476067382,461.750986679236,704.0,40,3972.9054893881466,5178.656476067383,-182.6031930112258,-182.6031930112258,zscore_exit,323
14406,2026-08-04 21:30:00+08:00,-5.157952538705624,14407,2026-08-04 21:31:00+08:00,open,1,-4.814216692302139,long_tsm_short_qff,127.48881200000001,127.48881200000001,128.5,128.5,False,8063.452658104618,-8000.0,-4,3.8910505836575875,1000000.0,1028000.0,2000.0,257.0,352.0,20,2211.228,2840.228,14604,2026-08-05 00:49:00+08:00,0.9184104204400952,14605,2026-08-05 00:50:00+08:00,open,0.7701724776670872,132.880188,132.880188,130.5,130.5,43473.1051380414,-16000.0,27473.1051380414,267.8682762845104,352.0,20,2304.7386491519273,2944.6069254364375,524.8682762845103,704.0,40,4515.966649151927,5784.8349254364375,21688.270212604963,21688.270212604963,zscore_exit,199
15268,2026-08-06 22:59:00+08:00,3.164193918487158,15269,2026-08-06 23:00:00+08:00,open,1,2.16760803463219,short_tsm_long_qff,124.583088,124.583088,122.0,122.0,False,-7834.129139582734,8000.0,4,4.098360655737705,1000000.0,976000.0,2000.0,244.0,352.0,20,2099.376,2715.376,15573,2026-08-07 21:36:00+08:00,-1.5095324686464755,15574,2026-08-07 21:37:00+08:00,open,-1.3600295093380963,120.24226800000001,120.24226800000001,118.5,118.5,34006.544451683476,-28000.0,6006.544451683476,235.49836388707917,352.0,20,2026.227922884429,2633.726286771508,479.49836388707917,704.0,40,4125.603922884429,5349.102286771508,657.4421649119677,657.4421649119677,zscore_exit,1357
15608,2026-08-07 22:11:00+08:00,-3.2621813866889746,15609,2026-08-07 22:12:00+08:00,open,1,-1.7928694000399088,long_tsm_short_qff,117.77334800000001,117.77334800000001,116.0,116.0,False,7879.541642987002,-8000.0,-4,4.310344827586207,1000000.0,928000.0,2000.0,232.0,352.0,20,1996.1280000000002,2600.128,15895,2026-08-08 03:06:00+08:00,1.3312151044104266,15896,2026-08-08 03:07:00+08:00,open,1.585891975657456,120.245334,120.245334,117.5,117.5,19478.116627880765,-12000.0,7478.116627880765,236.86952915697023,352.0,20,2038.0254288665717,2646.894958023542,468.8695291569702,704.0,40,4034.1534288665716,5247.022958023543,2231.0936698572223,2231.0936698572223,zscore_exit,295
15952,2026-08-10 21:33:00+08:00,-3.871880831879145,15953,2026-08-10 21:34:00+08:00,open,1,-2.144563489263833,long_tsm_short_qff,123.34198799999999,123.34198799999999,122.0,122.0,False,7912.958237708964,-8000.0,-4,4.098360655737705,1000000.0,976000.0,2000.0,244.0,352.0,20,2099.376,2715.376,16434,2026-08-11 23:25:00+08:00,1.960753740390204,16435,2026-08-11 23:26:00+08:00,open,1.951087958182711,123.46704,123.46704,122.0,122.0,989.5312535420669,-0.0,989.5312535420669,244.2473828133855,352.0,20,2101.5044817263692,2717.751864539755,488.2473828133855,704.0,40,4200.88048172637,5433.127864539755,-4443.596610997688,-4443.596610997688,zscore_exit,1552
