window,entry_z,exit_z,sharpe,trades,net,maxdd_pct,ret_pct,exposure,med_ticks,under1,win_rate,hold_med_h,weekend,cross_share,neighbour_sharpe
390,0.75,-0.25,-0.11376472923883943,89,-3568.370052646411,-0.04140325330780345,-0.00178418502632319,0.891784257787819,0.09046031199463005,0.7865168539325843,0.550561797752809,1.05,12,0.7790754810094439,1.6963202540077518
390,0.75,0.0,0.9548413962445923,73,19528.303291306365,-0.031605142919499285,0.009764151645653182,0.9249459112753451,0.1992120288524881,0.7534246575342466,0.5616438356164384,1.5,11,0.7794694553838425,1.7676339337476483
390,0.75,0.25,2.346068292783272,65,49208.54031706147,-0.02608549393657661,0.02460427015853068,0.9127879147599992,0.36552432405270746,0.7230769230769231,0.6307692307692307,2.2333333333333334,11,0.779522353137194,2.900737917526744
390,0.75,0.5,4.344360226886127,58,97222.7982619717,-0.024356160482262922,0.04861139913098584,0.9019127304754064,0.4981632883142414,0.7068965517241379,0.7068965517241379,4.641666666666667,9,0.7800372253349938,3.899166604399364
390,1.0,-0.25,0.4730062971659121,69,8994.935112735167,-0.03311244402484939,0.004497467556367628,0.709854678435352,0.14584577143543764,0.7681159420289855,0.5507246376811594,1.65,8,0.7797392842425369,2.387777705971817
390,1.0,0.0,0.8123172287460559,59,15798.330438878747,-0.025373047777336313,0.00789916521943931,0.746137203469337,0.30181929227556387,0.7627118644067796,0.6101694915254238,2.0,7,0.7799378787380373,2.9534500017980063
390,1.0,0.25,1.4683920976273002,52,29657.252782670857,-0.027425447024009807,0.01482862639133539,0.7333665205154225,0.27499001347622387,0.7307692307692307,0.6346153846153846,3.875,7,0.7799597076110191,3.8227693288411664
390,1.0,0.5,3.2722811191140257,49,67273.70218086116,-0.024412288548266693,0.03363685109043063,0.7228168259013192,0.478075940008654,0.6938775510204082,0.673469387755102,5.333333333333333,7,0.7807577465799967,5.086071384512748
390,1.5,-0.25,3.4333164690742506,44,72467.07678692098,-0.020442707484386577,0.03623353839346045,0.4097340557927588,0.32108107381464057,0.6590909090909091,0.5909090909090909,2.6166666666666667,5,0.7796876079875589,4.564261304542001
390,1.5,0.0,5.918832399838207,42,115066.96660263081,-0.017462521315158346,0.057533483301315455,0.5257041107430738,0.6687775107710597,0.6666666666666666,0.7142857142857143,2.925,6,0.779891109797326,4.770211358719276
390,1.5,0.25,5.982138753156939,39,114493.536977262,-0.01864654080250513,0.05724676848863112,0.5333626912251814,0.6335988730758864,0.5897435897435898,0.7435897435897436,4.883333333333334,6,0.780460323788984,5.993462102078309
390,1.5,0.5,7.77257038838011,38,148274.68405843424,-0.016107719885446695,0.07413734202921717,0.5430316490838423,0.7887426170891665,0.5526315789473685,0.8157894736842105,5.3,6,0.7804721870888205,6.371673010137841
390,2.0,-0.25,4.886961615771634,31,86718.79475019619,-0.016208264897410004,0.04335939737509808,0.13029160045185625,0.7043562107392386,0.5806451612903226,0.6774193548387096,1.6666666666666667,2,0.7810382643016067,5.215902181737213
390,2.0,0.0,6.7958425700309615,30,122313.28758170058,-0.014924840762876436,0.061156643790850417,0.1936472074900917,0.8546721288149649,0.5666666666666667,0.7333333333333333,3.1416666666666666,3,0.7812850847120166,6.3164005224682445
390,2.0,0.25,8.285912275659959,30,143051.96114844858,-0.014964183360293024,0.07152598057422438,0.2839801642765513,1.1274617451160167,0.4666666666666667,0.7666666666666667,4.891666666666667,4,0.7811202822612227,7.12261989854196
390,2.0,0.5,9.728237176482747,30,166104.61803387926,-0.014875431807681784,0.08305230901693972,0.29110264412491144,1.4037047745510984,0.4,0.8666666666666667,4.941666666666666,4,0.7810821635459525,7.386272352784642
390,2.5,-0.25,4.2895994896423,24,69507.8807983796,-0.015151712437081199,0.03475394039918983,0.09804897662218308,0.8486043296042876,0.5416666666666666,0.6666666666666666,2.775,2,0.7805676545933333,5.452665139215227
390,2.5,0.0,5.808139347142604,24,94058.48362037292,-0.015014668099653662,0.04702924181018642,0.16029408949051294,0.8028708507975718,0.5416666666666666,0.75,4.691666666666666,3,0.7806173565132721,6.045533847667319
390,2.5,0.25,7.170320870598725,24,109413.1334337775,-0.015063761224642465,0.054706566716888685,0.24942081985104061,1.2830764495443279,0.4166666666666667,0.7916666666666666,4.975,4,0.7804276949321518,6.817586145786058
390,2.5,0.5,8.485089936014303,24,126923.85291119873,-0.014989599292578435,0.06346192645559925,0.2559497597120374,1.4661937437078916,0.375,0.8333333333333334,5.516666666666667,4,0.7804125078174076,7.081374018383168
780,0.75,-0.25,3.6611130686127504,56,87780.9566677898,-0.02178478436907385,0.04389047833389486,0.6764058281797469,0.3503106678410536,0.6964285714285714,0.6607142857142857,1.3916666666666666,6,0.7809952977601756,3.6122012171260542
780,0.75,0.0,4.025914942700105,44,96401.85811175813,-0.0219400123920993,0.048200929055879124,0.7297669876888319,0.3826055478344873,0.6818181818181818,0.5681818181818182,2.85,6,0.7815856703887629,4.303475766721993
780,0.75,0.25,4.835357949348955,38,124607.11759097043,-0.023001214133867756,0.06230355879548518,0.8429799536655881,0.509385670567003,0.5789473684210527,0.6578947368421053,4.283333333333333,6,0.781885408296235,5.280101129548555
780,0.75,0.5,6.0791504013007955,35,167959.2055368553,-0.021230092617520978,0.0839796027684277,0.851863907024833,1.288744818991885,0.42857142857142855,0.7714285714285715,4.4,5,0.7816442304525015,5.960131994065982
780,1.0,-0.25,5.419241855305801,44,119788.33340474784,-0.021513093531259922,0.05989416670237389,0.6059851806467671,0.5924884426707586,0.6590909090909091,0.7727272727272727,1.7833333333333334,5,0.7812620064567483,4.3988090389188335
780,1.0,0.0,5.952177818114021,38,146076.0566368528,-0.021607566917389385,0.07303802831842635,0.6791246242508951,0.9415920333766215,0.5526315789473685,0.6842105263157895,3.025,5,0.7820628692187633,5.023576703137376
780,1.0,0.25,6.701041250405539,34,172229.00383757366,-0.02128208678424292,0.0861145019187869,0.7945011392138467,1.274266440655119,0.4411764705882353,0.8529411764705882,10.666666666666666,5,0.782154383370918,5.4817118982302615
780,1.0,0.5,6.758962825157454,31,189510.7475809369,-0.02108413468244103,0.09475537379046856,0.8234314269850084,1.6453574340346044,0.25806451612903225,0.8709677419354839,18.716666666666665,4,0.7817091890058039,6.045311222653273
780,1.5,-0.25,6.978244905392252,24,118600.75925595494,-0.021431593547491277,0.0593003796279775,0.458768117329453,1.3726360440615883,0.4166666666666667,0.875,5.916666666666667,4,0.7828415175656764,5.727697977017693
780,1.5,0.0,6.827441772588176,23,137331.25941517425,-0.02149353152538973,0.06866562970758719,0.5117846407168432,1.8574374582228526,0.391304347826087,0.782608695652174,18.133333333333333,4,0.7831484652135513,6.483750352102195
780,1.5,0.25,6.52160334888597,22,147567.71389281692,-0.0213039916334976,0.07378385694640852,0.6966436271037163,1.9798394756188515,0.2727272727272727,0.8181818181818182,23.441666666666666,5,0.7830285326270479,6.636437032140759
780,1.5,0.5,6.504034991797652,20,168739.05130700595,-0.02106607517671795,0.0843695256535029,0.7462712286277738,2.6992099299310315,0.2,0.85,24.133333333333333,4,0.7826486090062881,6.8782063507214986
780,2.0,-0.25,6.344850198201337,18,81746.96959297184,-0.0217126533238786,0.04087348479648598,0.392100174232706,1.0295978308690668,0.5,0.9444444444444444,12.091666666666667,4,0.7816997343655595,5.9452634405503675
780,2.0,0.0,6.682156973928814,18,111972.07769713398,-0.02172680473161373,0.05598603884856706,0.44507840471768556,1.6754039653518318,0.3333333333333333,0.8888888888888888,22.808333333333334,4,0.7818474234866549,6.228434372125128
780,2.0,0.25,5.936560122440428,17,109310.44522181423,-0.0216326089636635,0.05465522261090716,0.6294587298244271,1.9236321942233625,0.4117647058823529,0.8823529411764706,24.033333333333335,5,0.7815891142948426,6.209496293456443
780,2.0,0.5,5.001516811084194,15,114441.76883458847,-0.0215608244036269,0.05722088441729429,0.7000899883206647,2.180213857170337,0.3333333333333333,0.9333333333333333,30.416666666666668,4,0.78071881776441,6.5224363197826465
780,2.5,-0.25,5.662894454731445,13,74260.8468941829,-0.021642620373168317,0.037130423447091485,0.17365831243179078,1.6435555773500676,0.23076923076923078,0.8461538461538461,5.7,2,0.7808865369139725,5.1119915373117815
780,2.5,0.0,5.92637246039729,13,104592.59545483484,-0.021653846203450688,0.05229629772741743,0.22579409906373854,2.1931036941402215,0.07692307692307693,0.9230769230769231,23.983333333333334,2,0.7810962766808456,5.346307560227286
780,2.5,0.25,4.691203024327371,12,86474.42861840705,-0.021736285097832344,0.043237214309203555,0.3067644412108216,1.766253997898172,0.25,0.9166666666666666,24.008333333333333,2,0.7809435769559874,5.493881787798385
780,2.5,0.5,4.345564008068031,11,102653.84013850734,-0.021549799120762735,0.05132692006925377,0.4556280993317888,2.180213857170337,0.18181818181818182,0.9090909090909091,29.683333333333334,2,0.7792873837670362,5.551694882630665
1560,0.75,-0.25,5.117412799737151,37,130610.32356078454,-0.02433932740443405,0.06530516178039228,0.6784162055563001,0.705294421813524,0.5675675675675675,0.8378378378378378,1.45,5,0.7834204648984088,5.2863491404408816
1560,0.75,0.0,6.11388860128965,32,160307.75732169737,-0.02537192833532998,0.0801538786608486,0.8655153267341898,1.4028720821654903,0.3125,0.8125,11.325,6,0.7832067907829546,6.0191770265078315
1560,0.75,0.25,7.248330760553063,28,182259.41389284673,-0.02318082192294915,0.09112970694642328,0.8988492982825633,1.7815098274500336,0.25,0.8928571428571429,21.933333333333334,6,0.7828624106843886,6.8087763398610575
1560,0.75,0.5,7.901846974871394,26,199652.42712699037,-0.023454322201254662,0.09982621356349532,0.9088245993605085,2.3932400563536564,0.19230769230769232,0.8846153846153846,23.383333333333333,5,0.7824824262068062,7.468952666587065
1560,1.0,-0.25,4.9295031053092355,30,114206.52971506867,-0.022795642727127693,0.05710326485753432,0.6312776426889276,0.9489589268087592,0.5,0.7666666666666667,3.25,5,0.7829410921533044,6.186329734648678
1560,1.0,0.0,6.35550316907858,29,161941.31377128238,-0.022490854090347633,0.08097065688564116,0.838710295046813,1.3151729910177115,0.3448275862068966,0.8620689655172413,17.916666666666668,6,0.7832573884515651,6.546012300494308
1560,1.0,0.25,7.353777350247865,25,184254.40173263362,-0.02322990034176581,0.09212720086631668,0.8716038982174654,2.269896198728913,0.2,0.88,22.95,6,0.7828743235749429,7.322708635979919
1560,1.0,0.5,7.67004835064835,24,200789.4960773636,-0.023099472788161015,0.10039474803868169,0.9025062704627698,2.660796946614987,0.16666666666666666,0.875,23.458333333333332,5,0.7831472306388397,7.765689416217408
1560,1.5,-0.25,6.613639589918897,17,127527.79608706557,-0.02147427487966023,0.06376389804353286,0.5207643263321143,1.587861839284051,0.23529411764705882,0.9411764705882353,21.65,3,0.7824967110318003,6.204140006822724
1560,1.5,0.0,6.849486666453908,17,151162.3036767145,-0.021390005497422284,0.07558115183835733,0.6480882268471538,2.1113254298862434,0.23529411764705882,0.9411764705882353,23.416666666666668,4,0.7824993965197399,6.524142157848771
1560,1.5,0.25,7.86740530245583,16,176457.49502599932,-0.021300505539356612,0.0882287475129997,0.6798713358479006,3.1421437729727995,0.125,0.9375,24.9,4,0.7826606950617065,6.951417364576275
1560,1.5,0.5,8.336378380099767,16,189718.9064803377,-0.02118812950783641,0.09485945324016874,0.6843707518811388,3.555970723025238,0.125,0.9375,25.083333333333332,4,0.7826923775853095,6.940935526133569
1560,2.0,-0.25,5.516059252927692,7,90229.23470106062,-0.021538576486575294,0.045114617350530344,0.33366520515422465,3.861171614331191,0.14285714285714285,0.8571428571428571,26.233333333333334,2,0.7833014990702437,5.853025974880618
1560,2.0,0.0,5.539539109092576,7,91656.10341918822,-0.021523954322072658,0.045828051709594086,0.43885580807597313,3.905444155839245,0.14285714285714285,0.8571428571428571,48.016666666666666,3,0.7829347173221058,5.782859043827796
1560,2.0,0.25,6.074585326852349,7,104606.00911735179,-0.021466320326223146,0.052303004558675925,0.44021520611154724,4.383137690700521,0.14285714285714285,0.8571428571428571,48.3,3,0.7828648371342212,5.902447959774011
1560,2.0,0.5,6.097785300124372,7,103322.39163662554,-0.02145106749396212,0.0516611958183127,0.44098106415975796,4.175537837940983,0.14285714285714285,0.8571428571428571,48.86666666666667,3,0.7829230206700493,5.804965849633713
1560,2.5,-0.25,3.8871440010061993,3,49391.56028437869,-0.022006661685972907,0.02469578014218935,0.15860920178444926,4.316465688966166,0.0,1.0,48.016666666666666,1,0.7777510711922885,4.598443402523759
1560,2.5,0.0,3.8871440010061993,3,49391.56028437869,-0.022006661685972907,0.02469578014218935,0.15860920178444926,4.316465688966166,0.0,1.0,48.016666666666666,1,0.7777510711922885,4.551432397616301
1560,2.5,0.25,4.090591477487455,3,56464.56689093288,-0.022009165860938328,0.028232283445466425,0.1596239636983285,4.528575051955076,0.0,1.0,48.3,1,0.7778332195472835,4.446915066854636
1560,2.5,0.5,4.028969759096789,3,53682.454096800415,-0.022009165860938328,0.026841227048400206,0.16027494303930767,4.2579922902179845,0.0,1.0,48.86666666666667,1,0.7780458055070817,4.421613224118646
2500,0.75,-0.25,6.440891786551891,38,154800.84395624293,-0.021384618609013476,0.07740042197812139,0.6861705182944341,0.8604744906756738,0.5526315789473685,0.8157894736842105,1.075,7,0.7826006540623202,6.350291818260134
2500,0.75,0.0,7.348723460470256,29,179322.34699094036,-0.02121678587605168,0.08966117349547008,0.721304256256103,1.4637912893757408,0.41379310344827586,0.896551724137931,3.55,5,0.7845974195399386,6.944516880264638
2500,0.75,0.25,7.839010823547425,25,187475.86244023248,-0.021026003043162943,0.09373793122011632,0.7774225047387466,1.8889687028658533,0.24,0.88,20.866666666666667,5,0.7850175081331067,7.456227960248819
2500,0.75,0.5,8.878281153846052,23,214508.35970320314,-0.0208710569591088,0.1072541798516016,0.7945777250186677,2.2741179321829876,0.08695652173913043,0.9565217391304348,23.033333333333335,6,0.7847998693815932,7.176363971539462
2500,1.0,-0.25,7.42585125920296,24,170588.574955358,-0.02126656262376148,0.08529428747767909,0.6664879664554175,1.837403700969267,0.25,0.8333333333333334,19.783333333333335,5,0.7821952655269154,6.584105681267607
2500,1.0,0.0,8.07724026155116,22,189935.91308353792,-0.021175839476426008,0.09496795654176897,0.7010856037833387,2.5112939417123235,0.18181818181818182,0.9090909090909091,22.008333333333333,5,0.7825728380842809,7.185682276861286
2500,1.0,0.25,8.093922982738151,20,192962.68253744356,-0.020980400391804585,0.09648134126872174,0.7643646250167532,2.565245268026989,0.1,0.95,23.55,5,0.7836505406175666,7.512247028543192
2500,1.0,0.5,8.47748155071056,18,201937.47504656808,-0.020963066105066458,0.10096873752328404,0.7782649485917785,3.393467351778116,0.05555555555555555,0.9444444444444444,24.0,6,0.7833405187512357,7.26207871037897
2500,1.5,-0.25,6.747406104030539,12,137725.29875738366,-0.021334198706978492,0.0688626493786918,0.4562216393191522,3.115804947871238,0.25,0.8333333333333334,23.966666666666665,3,0.7831118142653042,6.741448741903963
2500,1.5,0.0,5.9413240039585595,11,123393.10718426955,-0.02146121552605789,0.06169655359213473,0.5609718738631795,3.904330721831876,0.18181818181818182,0.8181818181818182,23.966666666666665,3,0.7835412801208307,6.773576266386534
2500,1.5,0.25,6.572673114917789,11,141060.48169506085,-0.021379291554041183,0.07053024084753054,0.6457140668977005,4.054833866112356,0.09090909090909091,0.9090909090909091,24.333333333333332,4,0.7834614796957092,6.572241633639888
2500,1.5,0.5,6.56540368564164,11,145176.25210172572,-0.021322763036539353,0.07258812605086296,0.653008864806908,4.054833866112356,0.09090909090909091,0.9090909090909091,24.616666666666667,5,0.7833523698218701,6.521998925791545
2500,2.0,-0.25,6.879956976184078,6,104005.72009432051,-0.021511617888820472,0.05200286004716018,0.2531352313848628,4.35205644494803,0.0,1.0,23.991666666666667,2,0.7857908290371209,5.519350627757026
2500,2.0,0.0,5.687722041797817,5,88284.73101913402,-0.02164127821265212,0.04414236550956697,0.3575599762584005,4.175537837940983,0.0,1.0,72.01666666666667,2,0.7873874283996821,5.7150097317533195
2500,2.0,0.25,5.882806447043406,5,91443.99485860446,-0.021639903276529027,0.0457219974293022,0.36024047942713816,4.509619964821132,0.0,1.0,72.81666666666666,2,0.7869077416864249,5.274007172586834
2500,2.0,0.5,5.583378971035465,5,91383.11255693348,-0.02162507904370393,0.04569155627846671,0.367056616056214,4.383137690700521,0.0,1.0,78.46666666666667,3,0.7868046217843027,5.032072162088761
2500,2.5,-0.25,3.3276759014296973,2,41467.076325502625,-0.02217093466430823,0.020733538162751357,0.08282754791399415,5.401654370265413,0.0,1.0,36.05,0,0.7791309705211398,4.755349774938035
2500,2.5,0.0,3.3135149400979884,2,38345.85467488663,-0.02217093466430823,0.01917292733744334,0.11007294797909208,5.089532205203813,0.0,1.0,47.90833333333333,0,0.7813618958460096,4.317999404552976
2500,2.5,0.25,3.552673222990471,2,41372.30088983291,-0.02217093466430823,0.020686150444916448,0.11099197763694499,5.3921768266984405,0.0,1.0,48.30833333333333,0,0.7802220690967978,3.966398047726403
2500,2.5,0.5,3.152512110794726,2,39878.3379835781,-0.02217093466430823,0.019939168991789106,0.11748262459553122,5.24278053607296,0.0,1.0,51.13333333333333,1,0.7801379698749645,3.9405941321656326
3900,0.75,-0.25,5.509179753630165,32,133269.23369186922,-0.022711884043250006,0.06663461684593465,0.7778245802140573,0.9097602451060167,0.53125,0.75,10.066666666666666,5,0.7859068427164043,6.4726439546100565
3900,0.75,0.0,6.251552928383064,26,155356.56527245973,-0.022294166250877302,0.07767828263622988,0.789542208351682,1.404006265659398,0.4230769230769231,0.9230769230769231,19.308333333333334,5,0.7869065769398847,6.62963836086405
3900,0.75,0.25,5.711881443636572,22,147396.29280034176,-0.0223266737095935,0.07369814640017086,0.9033678607670068,2.1203025367301453,0.2727272727272727,0.8636363636363636,21.625,6,0.7876595815232237,6.332744839810825
3900,0.75,0.5,4.487116537028465,17,120859.86175562617,-0.022324400985043586,0.06042993087781314,0.9190870972065328,2.2556958060921293,0.23529411764705882,0.8823529411764706,23.533333333333335,4,0.7896807206351427,6.564299992167759
3900,1.0,-0.25,6.725487148895214,22,160017.34881120466,-0.021358916776958843,0.08000867440560228,0.7039575714641291,1.5930167401122246,0.3181818181818182,0.9090909090909091,22.6,5,0.7858160064691787,6.932567919701913
3900,1.0,0.0,7.948768785719207,19,181365.53287321725,-0.020978063501110766,0.09068276643660851,0.7322177334431064,2.569786599004284,0.05263157894736842,0.9473684210526315,24.0,5,0.7866509224125411,6.902901763736355
3900,1.0,0.25,6.7532990702843465,18,179941.6982812584,-0.02106214515209913,0.08997084914062917,0.8751076987880296,2.520034209902126,0.1111111111111111,0.9444444444444444,24.008333333333333,6,0.78753052803491,6.387979594223264
3900,1.0,0.5,5.102737379020654,14,142529.56869950163,-0.021170358850373765,0.07126478434975073,0.8874571598154282,3.4246501861590684,0.07142857142857142,0.9285714285714286,24.008333333333333,4,0.7891514947262097,5.839494942554379
3900,1.5,-0.25,6.846471880255321,12,144600.1995019316,-0.021705206624567222,0.07230009975096584,0.596794884068238,3.539797710952957,0.08333333333333333,0.9166666666666666,24.008333333333333,4,0.7807123539688666,6.624428125273283
3900,1.5,0.0,6.706929409567991,11,135160.87243149028,-0.02157106967595479,0.06758043621574529,0.6485860345784908,3.6920620778902795,0.09090909090909091,0.9090909090909091,43.13333333333333,4,0.7814534612493436,6.510413792815628
3900,1.5,0.25,5.082587380001739,10,129850.04784054305,-0.021644823627565053,0.06492502392027155,0.734113232112428,3.8388520813562335,0.1,0.9,54.975,5,0.7825524942959209,5.569198912978277
3900,1.5,0.5,3.6400826121941416,8,92974.93045736104,-0.021660026104830567,0.046487465228680525,0.7478412376266059,3.7466453217490696,0.125,0.875,46.358333333333334,4,0.784263469321447,5.053145427875924
3900,2.0,-0.25,6.317889838599388,6,120957.86969107142,-0.02166522280907209,0.060478934845535785,0.3566983859541634,5.60818591489585,0.0,1.0,36.275,2,0.7842186703592667,6.350032238261646
3900,2.0,0.0,6.732916914143311,6,122508.6825296136,-0.021627738554035904,0.06125434126480669,0.38467135116506157,5.401369331939421,0.0,1.0,48.44166666666667,2,0.784472845061509,5.6040667006866025
3900,2.0,0.25,4.173010357927115,5,100879.74260130481,-0.02169926351661938,0.05043987130065239,0.4698539125773038,5.692226667066925,0.0,1.0,95.31666666666666,3,0.7872432892507867,4.910545854247312
3900,2.0,0.5,3.461853266839662,5,83601.10591671329,-0.021810480241938327,0.04180055295835668,0.6383426831836719,5.050123808690092,0.0,1.0,95.31666666666666,3,0.7867192275406804,3.998456629174132
3900,2.5,-0.25,4.940783182463874,3,76257.51266710006,-0.021819999558651104,0.03812875633354997,0.11032185184476058,5.98364329007544,0.0,1.0,24.0,0,0.7804914815074954,4.9267825318565945
3900,2.5,0.0,5.1347818555407,3,74189.34683753578,-0.021819999558651104,0.03709467341876787,0.13821823125083765,5.98364329007544,0.0,1.0,24.0,0,0.7809988402746797,4.594945074978403
3900,2.5,0.25,3.3925652632084415,3,80102.38034876474,-0.021915483566849536,0.04005119017438241,0.2475636140841295,5.98364329007544,0.0,1.0,24.0,1,0.781689111849654,3.864455002999523
3900,2.5,0.5,2.597354575539805,3,60822.785310204505,-0.02204861989418032,0.030411392655102305,0.41601409178808707,5.98364329007544,0.0,1.0,24.0,1,0.7808942572716557,3.33564354694761
