ma_window,entry_z,exit_z,trade_count,contracts_median,net_0.0,sharpe_0.0,dd_0.0,net_0.5,sharpe_0.5,dd_0.5,net_1.0,sharpe_1.0,dd_1.0,net_1.5,sharpe_1.5,dd_1.5,net_2.0,sharpe_2.0,dd_2.0,survives_1t
390,1.0,0.0,241,4.0,597780.8810831071,12.830809445641279,-0.021842764547860917,160780.8810831071,4.231553002607041,-0.03310418160575026,-276219.1189168929,-6.299095426077545,-0.1633489126259917,-713219.1189168929,-11.8225589821461,-0.3683854527287957,-1150219.118916893,-13.526765298774288,-0.5814764974621268,False
390,1.0,0.25,189,4.0,577356.6520873364,11.270770285367313,-0.02396671454101053,235356.6520873364,5.7907351855787565,-0.035245245516613385,-106643.3479126636,-2.7226359140284258,-0.08184996698353937,-448643.3479126636,-9.667109897703403,-0.23485070992527968,-790643.3479126636,-12.712757658960475,-0.40137248586023544,False
390,1.0,0.5,152,4.0,516810.9375676634,10.768170456010829,-0.023593264469351182,243810.93756766338,6.021677864637711,-0.02611261376651109,-29189.06243233662,-0.6991795709333879,-0.053383853294089866,-302189.0624323366,-6.868064251821998,-0.1682541496661536,-575189.0624323366,-10.580164245974652,-0.2999467195845238,False
390,1.25,0.0,175,4.0,570283.9411802553,12.513768995913251,-0.018505700211060242,253283.94118025526,6.784090129411448,-0.021596933754475307,-63716.058819744736,-1.7182132969166548,-0.06596925222152258,-380716.05881974474,-8.893397997131276,-0.2012597462178812,-697716.0588197447,-12.574128347922244,-0.3550229802746315,False
390,1.25,0.25,143,4.0,518722.10238151206,10.6603764832964,-0.020870894538732875,258722.10238151206,6.545415204137426,-0.024172119531434468,-1277.897618487943,0.009995462395671591,-0.04740985468971543,-261277.89761848794,-6.9424787324948225,-0.14261407512780583,-521277.89761848794,-11.243379158178902,-0.2686138496401713,False
390,1.25,0.5,121,4.0,495454.49222933035,10.81330000887291,-0.02031723943315803,275954.49222933035,6.992766164225707,-0.022821975391787062,56454.49222933035,1.5682244978971924,-0.04039025660655608,-163045.50777066965,-4.094322210319094,-0.10048653507743127,-382545.50777066965,-8.25148824183908,-0.20554884667117157,True
390,1.5,0.0,131,4.0,455223.75116100535,11.879720134245979,-0.019055976391075764,218723.75116100535,6.666783731152396,-0.02168111725982092,-17776.248838994652,-0.5125202704721702,-0.05333029031511806,-254276.24883899465,-6.98643469936575,-0.14297266170265263,-490776.24883899465,-11.028676987578566,-0.2554535006413901,False
390,1.5,0.25,109,4.0,425044.577210566,10.379637106026149,-0.019968811393913155,227544.57721056603,6.431230275103364,-0.02401506049452137,30044.57721056603,0.9447964596241737,-0.048158644148614,-167455.42278943397,-4.717576467399988,-0.10656275617397463,-364955.422789434,-8.884768910416746,-0.19660235085937275,True
390,1.5,0.5,94,4.0,389627.5586827318,9.809907687844182,-0.02096523860877161,219627.55868273182,6.125445178394167,-0.024062887522622277,49627.55868273182,1.4548296043057583,-0.04349302486517903,-120372.44131726818,-3.1494311170070644,-0.08669664643218163,-290372.4413172682,-6.693441024016508,-0.165219820299236,True
390,1.75,0.0,102,4.0,443111.312606839,12.552586464276931,-0.01683842437612206,258111.312606839,8.28249493547756,-0.01876736819906191,73111.312606839,2.470893349273068,-0.029542593917534395,-111888.687393161,-3.4427137605351588,-0.07807232607352452,-296888.687393161,-7.967267761898238,-0.15963585411449419,True
390,1.75,0.25,88,4.0,447202.3744355617,11.878504922917129,-0.01805295591580199,287202.3744355617,8.577286751135077,-0.01926847177358402,127202.37443556171,4.103285250084066,-0.024075621366199614,-32797.62556443829,-1.007450649827472,-0.05478358046476033,-192797.6255644383,-5.677346510985302,-0.11316618895018016,True
390,1.75,0.5,80,4.0,438801.93747416465,11.530532961360818,-0.017541651676794324,293801.93747416465,8.440398759056395,-0.018726867284645028,148801.93747416465,4.4959271697276835,-0.02159680632087839,3801.937474164646,0.15688204915910256,-0.047105978408892996,-141198.06252583535,-3.856228878639239,-0.09454703334738884,True
390,2.0,0.0,81,4.0,377579.27416600846,10.675527135100058,-0.0167801269246252,230079.27416600846,7.171952796407002,-0.020086272056589586,82579.27416600846,2.7438847759633544,-0.029245921284813684,-64920.72583399154,-2.080418359310379,-0.05920544965869359,-212420.72583399154,-6.488268375664412,-0.11932238153737969,True
390,2.0,0.25,71,4.0,388347.0071847965,10.395951792748942,-0.017867857600258344,258847.0071847965,7.589621733275362,-0.019038665864116965,129347.0071847965,4.084013255600993,-0.024894661858518807,-152.99281520349905,0.03558418367791934,-0.048769737853732606,-129652.9928152035,-4.130666991011807,-0.08922688746302322,True
390,2.0,0.5,68,4.0,433801.1622269838,11.966552623407129,-0.017344929787187904,310301.1622269838,9.317934570820245,-0.018486249414764695,186801.1622269838,5.967392114204105,-0.02238679766181017,63301.16222698381,2.0943448909011617,-0.0385257521765668,-60198.83777301619,-1.869676477913765,-0.06347045620072143,True
390,2.5,0.0,54,3.5,322895.2679538457,12.160673833010977,-0.01373423665401171,227395.26795384567,9.073895107732454,-0.014232472844240087,131895.26795384567,5.4790654301649955,-0.014768218749269776,36395.26795384567,1.5556530290537756,-0.023049411333189947,-59104.73204615433,-2.4135119644974816,-0.04589336763491253,True
390,2.5,0.25,49,4.0,334481.3437543474,11.767704909281392,-0.01379164751896433,247481.3437543474,9.110707749712653,-0.014238840874863438,160481.3437543474,6.127065859963476,-0.014716006516644993,73481.34375434741,2.884568180906151,-0.022212496439438068,-13518.656245652586,-0.49400554882923525,-0.036326387059654554,True
390,2.5,0.5,49,4.0,361747.71657326864,13.170916989759432,-0.013570988085140078,274747.71657326864,10.381545881652839,-0.014003761661669247,187747.71657326864,7.277138864647338,-0.01536438375088251,100747.71657326864,3.9559076439949656,-0.018491089802580327,13747.71657326864,0.5650501106846609,-0.02794620060873551,True
780,1.0,0.0,142,3.0,577596.8635786134,12.964962045928539,-0.017994178158736055,330596.8635786134,8.687615663880061,-0.019742410464255313,83596.86357861338,2.1821701608914763,-0.05067366206048832,-163403.13642138662,-3.421430707127924,-0.110371691065326,-410403.1364213866,-6.916140819194241,-0.22587676634556986,True
780,1.0,0.25,107,3.0,551498.7266136799,12.932316468307516,-0.01822530858694306,363998.7266136799,9.7686156028047,-0.019558156907849296,176498.7266136799,4.795437669524105,-0.037481098777022215,-11001.2733863201,-0.2064852759803831,-0.06949792490929715,-198501.2733863201,-3.857658921077762,-0.1339842485158216,True
780,1.0,0.5,80,3.0,488581.86333027156,11.026201194678686,-0.019665847935562926,350581.86333027156,8.996599325736307,-0.02138551184095642,212581.86333027156,5.862152073852248,-0.02533358802390553,74581.86333027156,2.053655563532041,-0.04577497220188384,-63418.13666972844,-1.4959967870176318,-0.07474761682440359,True
780,1.25,0.0,98,3.0,506687.362437509,13.112748257357875,-0.01842198876269547,335187.362437509,10.030074784099257,-0.019638903904192945,163687.362437509,5.11444097549062,-0.031208849357292467,-7812.637562490767,-0.17525762157525274,-0.05863475135738734,-179312.63756249077,-4.2532557243601214,-0.10376343790131391,True
780,1.25,0.25,80,4.0,526166.7221063534,12.431170540797444,-0.01843279793891449,385166.7221063534,10.34504165094254,-0.019427674767604437,244166.72210635338,7.050370728382692,-0.020708617655010697,103166.72210635338,2.965098519200358,-0.041954619837547655,-37833.27789364662,-0.9265729491975354,-0.07034860355668913,True
780,1.25,0.5,65,3.0,507314.80071888724,12.0268638897186,-0.01852840764011271,393314.80071888724,10.407393289283585,-0.01932541286427559,279314.80071888724,7.97717261674175,-0.02019406694197433,165314.80071888724,4.838604750350252,-0.02417521773026026,51314.80071888724,1.4765900831954994,-0.04389297439637614,True
780,1.5,0.0,67,4.0,449028.93368110154,12.637590631352303,-0.01884469178381874,331028.93368110154,10.428489200378369,-0.019703995325063464,213028.93368110154,7.189065251234516,-0.020645410252066083,95028.93368110177,3.2331195605187624,-0.0335768479001742,-22971.06631889823,-0.6825920406671522,-0.049808307606682416,True
780,1.5,0.25,58,4.0,489768.4103422612,12.076637190369494,-0.018580126993075312,386768.4103422612,10.590588630793297,-0.019323763858382546,283768.4103422612,8.404988992483078,-0.020129407966536634,180768.4103422612,5.55743891453007,-0.027303677966607643,77768.4103422612,2.377017152987164,-0.04188894261042152,True
780,1.5,0.5,49,4.0,473981.337363868,11.63534494350088,-0.018705988224107368,387481.337363868,10.276179477373205,-0.01932286717083167,300981.337363868,8.481520251215093,-0.019981820011751243,214481.33736386802,6.269106076085661,-0.020687303161252453,127981.33736386802,3.773526377280394,-0.030316427546247363,True
780,1.75,0.0,51,3.0,389052.80902954703,13.075388281140357,-0.019115014809096068,299552.80902954703,11.089637466874203,-0.019785542756198492,210052.80902954703,8.290325295303434,-0.020504823236370495,120552.8090295475,4.833233021537226,-0.027267699984354403,31052.809029547265,1.2193962918646162,-0.03963481427778946,True
780,1.75,0.25,45,4.0,425437.86278705904,12.969718384248557,-0.019011710004491682,345937.86278705904,11.324752535763029,-0.019606704391959943,266437.86278705904,9.15325372150424,-0.02024014410578069,186937.86278705904,6.533301367551047,-0.02484643927184054,107437.86278705904,3.6970711182710287,-0.03591305804496487,True
780,1.75,0.5,40,3.5,409036.00813170616,11.26531056800338,-0.01907553514587112,338536.00813170616,9.984358976103314,-0.019597927290703372,268036.00813170616,8.361362308352932,-0.02014973693670696,197536.00813170616,6.400476239546679,-0.020733520961017226,127036.00813170616,4.18150886886994,-0.02248498774157804,True
780,2.0,0.0,42,3.5,329842.419944149,12.217155858048399,-0.01953114503302533,255842.41994414898,10.332628580849116,-0.02011037137052418,181842.41994414898,7.741134566708433,-0.02240435302907986,107842.41994414898,4.62067486554832,-0.030676281383768322,33842.419944148976,1.4074565391066465,-0.040124377946108375,True
780,2.0,0.25,39,4.0,391076.9376740074,12.955692931320245,-0.01930960653847997,322076.9376740074,11.339802234803752,-0.019832035090306933,253076.93767400738,9.249112034403273,-0.020383518734064993,184076.93767400738,6.7792406153778355,-0.026690155048574155,115076.93767400738,4.144998027246324,-0.03490463137523297,True
780,2.0,0.5,34,3.5,371359.07240083534,11.20493648378432,-0.019402992358885315,311359.07240083534,9.96422697773724,-0.0198518846582725,251359.07240083534,8.416966448930388,-0.020322039301513162,191359.07240083534,6.583557597040202,-0.020815003610185068,131359.07240083534,4.546629660663642,-0.02221149084677398,True
780,2.5,0.0,28,3.0,286995.03160748724,12.606350375321087,-0.01989904826361741,237995.03160748724,11.085438581729111,-0.020271110473349264,188995.03160748724,9.255809956901759,-0.02065735103989753,139995.03160748724,7.123406116587106,-0.021058596157739994,90995.03160748724,4.740702458068724,-0.021475737484381124,True
780,2.5,0.25,28,3.0,354776.822265449,12.915109388438806,-0.0196133326001414,305776.822265449,11.658339897474242,-0.019974690172598147,256776.82226544898,10.18870324184195,-0.0203496130332899,207776.82226544898,8.509499675607287,-0.020738879651153085,158776.82226544898,6.6455310396648395,-0.021143329221919888,True
780,2.5,0.5,27,3.0,364559.5469645546,11.945929307128281,-0.019459711932555884,317559.5469645546,10.830483172505453,-0.019798045504272936,270559.5469645546,9.552504622512782,-0.02014835202099329,223559.54696455458,8.116069659881655,-0.020511278478338644,176559.54696455458,6.538803276544192,-0.020887519343606897,True
1560,1.0,0.0,73,3.0,487379.9073563162,12.749943805794956,-0.019591521163594992,360379.9073563162,10.28558108660937,-0.021396050474503145,233379.90735631622,6.942355494966472,-0.02970215217064015,106379.90735631622,3.134726669878581,-0.040814803170525396,-20620.092643683776,-0.5114611224836906,-0.059567062393353014,True
1560,1.0,0.25,56,3.5,483851.2825593138,11.93132728988269,-0.019593916519167903,385851.2825593138,10.36099908067182,-0.02115303787663189,287851.2825593138,8.248908293601264,-0.024234905487006377,189851.2825593138,5.638499524783662,-0.029647631365455018,91851.28255931381,2.7412568823174754,-0.03920706224381818,True
1560,1.0,0.5,46,4.0,469999.8921933444,10.90356888929676,-0.021437030558060153,388999.8921933444,9.740664788176158,-0.022911438272678403,307999.8921933444,8.227305735157573,-0.02447390290169399,226999.89219334442,6.354490037372909,-0.026132555876123845,145999.89219334442,4.189000953675108,-0.03188666820881968,True
1560,1.25,0.0,51,3.0,415844.7151628048,11.31615939158227,-0.019924795460622532,326844.7151628048,9.652308532529954,-0.0208612863713426,237844.71516280482,7.536906045593175,-0.022616020541851335,148844.71516280482,4.974922474245894,-0.02879559585608322,59844.715162804816,2.074710894963919,-0.03912334514200315,True
1560,1.25,0.25,42,4.0,453254.78236598615,10.638658606943169,-0.019951045880426618,379254.78236598615,9.555317575928985,-0.02133952979401002,305254.78236598615,8.221492941837287,-0.022804656183003605,231254.78236598615,6.610272914752773,-0.024352951004399753,157254.78236598615,4.721090493506634,-0.027310912229852272,True
1560,1.25,0.5,38,4.0,463361.01976542687,10.764502775384985,-0.019787376369976302,396361.01976542687,9.880121172410808,-0.020519606401562085,329361.01976542687,8.770816967629505,-0.02189338435204645,262361.01976542687,7.407225999144391,-0.023335965143572966,195361.01976542687,5.782223485743025,-0.024947946156932927,True
1560,1.5,0.0,33,4.0,328888.31288312515,9.889649511560517,-0.02087907940645087,270888.31288312515,8.582598485650223,-0.021333934818071925,212888.31288312515,7.062476193990029,-0.02180904984352539,154888.31288312515,5.33503187758714,-0.025016790806919938,96888.31288312515,3.4319122891969327,-0.029760157831166142,True
1560,1.5,0.25,29,4.0,342653.7971293214,8.894333449855125,-0.02092337046980173,291653.7971293214,8.012554944183712,-0.021313703068046332,240653.79712932138,6.9816061385190356,-0.02171887609450282,189653.79712932138,5.787604401439851,-0.022180979296159975,138653.79712932138,4.426098842934834,-0.023538110644813825,True
1560,1.5,0.5,28,4.0,376584.4332571728,9.637119261858903,-0.020732058843159828,327084.4332571728,8.835116570977132,-0.021101292680278827,277584.4332571728,7.8919660430441,-0.02148391696066227,228084.43325717282,6.794572440747159,-0.021880673552747726,178584.43325717282,5.538795573811639,-0.0230056748519943,True
1560,1.75,0.0,29,3.0,357793.92517356854,11.20739019288993,-0.019498297950971716,307293.92517356854,10.108193813023776,-0.019851036627825374,256793.92517356854,8.854218282815618,-0.020216773052341246,206293.92517356854,7.434963287612113,-0.020596239122366498,155793.92517356854,5.84671119008137,-0.020990222737381985,True
1560,1.75,0.25,25,3.0,343929.7029579012,9.616579123522213,-0.019771949148600712,299929.7029579012,8.769077943596198,-0.020076700663427604,255929.70295790117,7.815032093768973,-0.02039099371448754,211929.70295790117,6.74655332839486,-0.020715283535564788,167929.70295790117,5.558960833713028,-0.021050054787834012,True
1560,1.75,0.5,25,3.0,382295.1819284484,10.458390919225682,-0.019574196328230688,338295.1819284484,9.630727424155802,-0.01987283623266583,294295.1819284484,8.701971276010184,-0.020180729908100905,250295.18192844838,7.66709292803896,-0.020498314234566068,206295.18192844838,6.524782841430736,-0.020826054032530125,True
1560,2.0,0.0,21,3.0,321404.14606824424,9.967778747764,-0.01955634506381164,285904.14606824424,9.278454656065048,-0.019832687908408208,250404.14606824424,8.489243970198089,-0.02011695247074023,214904.14606824424,7.592379256490109,-0.02040948433319843,179404.14606824424,6.583230578169725,-0.02071064947601767,True
1560,2.0,0.25,18,3.0,311950.79475156916,9.258627945418585,-0.019845103488106784,280950.79475156916,8.667714667088052,-0.020089522625982528,249950.79475156916,8.002778066466174,-0.020340037542341562,218950.79475156916,7.25941659877036,-0.02059687915852721,187950.79475156916,6.435273951053236,-0.020860290208785746,True
1560,2.0,0.5,18,3.0,341572.5087021496,9.905623602128726,-0.019664843192825472,310572.5087021496,9.377577669632911,-0.019904815354591314,279572.5087021496,8.778974495109859,-0.020150716681943945,248572.50870214961,8.103868298189294,-0.02040276966779714,217572.50870214961,7.347646606925357,-0.020661208078184147,True
1560,2.5,0.0,11,3.0,213614.53227232024,7.832651824534378,-0.020405954845999313,194614.53227232024,7.464361786471064,-0.02057056275078367,175614.53227232024,7.046345218278176,-0.02073784792426918,156614.53227232024,6.572250356440777,-0.02090787621872259,137614.53227232024,6.035626361522693,-0.021080715663938217,True
1560,2.5,0.25,9,3.0,176760.6847924525,7.104322487558444,-0.020750893646700512,160760.6847924525,6.738323469697118,-0.02089216742417395,144760.6847924525,6.325620056117109,-0.021035377994303266,128760.68479245249,5.86121511359448,-0.021180565460672818,112760.68479245249,5.340428154569405,-0.021327771041751528,True
1560,2.5,0.5,9,3.0,194255.44895943673,7.520516919867764,-0.02066769592040643,178255.44895943673,7.1974580363640195,-0.020807835309777686,162255.44895943673,6.832542768827882,-0.0209498881317997,146255.44895943673,6.42074917102105,-0.02109389384423429,130255.44895943673,5.957021741354043,-0.021239892997254175,True
2500,1.0,0.0,58,3.0,524588.8554953774,12.37687040708018,-0.01841310532604096,426088.85549537744,10.963806112865376,-0.01909068961124664,327588.85549537744,9.124379796683124,-0.019820048012645534,229088.85549537744,6.8125249318486185,-0.020607350325802395,130588.85549537744,4.065840989025568,-0.027235152490984293,True
2500,1.0,0.25,43,3.0,474598.7625069008,12.48583786661132,-0.018628013871040176,401598.7625069008,11.255366634924822,-0.019146087620466774,328598.7625069008,9.752310441582479,-0.01969380259543499,255598.76250690082,7.959393267665433,-0.020273777564277132,182598.76250690082,5.892840175381145,-0.02473438116767485,True
2500,1.0,0.5,36,3.0,443395.0195859135,11.609097135973363,-0.018921800566188546,381895.0195859135,10.469075214426976,-0.01936087321011279,320395.0195859135,9.157026663385917,-0.01982080692903131,258895.0195859135,7.67028270041445,-0.02030312461737069,197395.0195859135,6.019637488240407,-0.020809501098471975,True
2500,1.25,0.0,34,3.0,419054.0997840171,10.957977627479735,-0.019096691148664264,360054.0997840171,9.842944959964893,-0.01952293971078039,301054.0997840171,8.576910423790546,-0.01996865088990346,242054.09978401707,7.156559469153361,-0.020435188831663006,183054.09978401707,5.58779516637205,-0.02092404821640465,True
2500,1.25,0.25,32,3.0,442108.7680213349,11.533846901261377,-0.01878553406821882,387108.7680213349,10.58986968321611,-0.019181584365164105,332108.7680213349,9.496064137989341,-0.019594693959658082,277108.7680213349,8.244200770361015,-0.020025989319287292,222108.7680213349,6.835052108248347,-0.02047669832167582,True
2500,1.25,0.5,29,3.0,414893.9173806277,11.086549555137044,-0.019000136909415603,364893.9173806277,10.168159305691443,-0.019363877128160487,314893.9173806277,9.127080620143659,-0.019741816116005284,264893.9173806277,7.957881355601574,-0.02013480180604383,214893.9173806277,6.661165041642323,-0.02054375101937294,True
2500,1.5,0.0,23,3.0,355548.0600643563,9.652910557859283,-0.019474428393384913,315548.0600643563,8.925844488846902,-0.019787293912901596,275548.0600643563,8.1139646024821,-0.020110376222556615,235548.0600643563,7.210740668843615,-0.02044418408133119,195548.0600643563,6.211414523261964,-0.020789260597491616,True
2500,1.5,0.25,22,3.0,359512.57030769717,9.73966990771075,-0.01945963895134591,321512.57030769717,9.083798831729306,-0.019754767171047443,283512.57030769717,8.34579456123506,-0.020058985178355228,245512.57030769717,7.518592681328061,-0.02037271948211215,207512.57030769717,6.596834356240619,-0.020696423698531002,True
2500,1.5,0.5,21,3.0,354032.27220244985,9.874661347755959,-0.019505595500495514,317532.27220244985,9.205948622992643,-0.0197891438371528,281032.27220244985,8.459823788724512,-0.02008105753245642,244532.27220244985,7.630935743913972,-0.020381712326355668,208032.27220244985,6.715629650599978,-0.020691506803231993,True
2500,1.75,0.0,17,3.0,288649.0656745499,8.83798745600368,-0.020109110322624524,259149.0656745499,8.167697299670115,-0.020346389016861116,229649.0656745499,7.443371043526292,-0.020589334141831568,200149.0656745499,6.663505185181818,-0.020838151129758866,170649.0656745499,5.82759797684439,-0.021093055464729782,True
2500,1.75,0.25,16,3.0,284572.50510994997,8.72925590402703,-0.020165323001113476,257072.50510994997,8.100932327947307,-0.02038555924483268,229572.50510994997,7.422033688487782,-0.02061065924308327,202072.50510994997,6.691918759797586,-0.020840785913454035,174572.50510994997,5.911095506599964,-0.021076109531865977,True
2500,1.75,0.5,15,3.0,271575.0221417751,8.807247989386104,-0.020282769732718652,245575.02214177512,8.159857609263177,-0.020491668179734503,219575.02214177512,7.462688825710556,-0.020704914423998282,193575.02214177512,6.716277391703909,-0.020922645628762174,167575.02214177512,5.922491735977867,-0.02114500478818637,True
2500,2.0,0.0,12,3.0,241878.84407338174,8.536076527438656,-0.020545397980259287,221378.84407338174,8.114525892612631,-0.020707534665589996,200878.84407338174,7.645490567430994,-0.020872250752160735,180378.84407338174,7.124409834350363,-0.021039608286307993,159878.84407338174,6.546975236866554,-0.02120967132044899,True
2500,2.0,0.25,11,3.0,238015.29272585176,8.355034674938313,-0.02060208224495089,219515.29272585176,7.9747541559383786,-0.02074608351335274,201015.29272585176,7.552127473183202,-0.020892111987075083,182515.29272585176,7.083781200010756,-0.021040210777123924,164015.29272585176,6.566810233161797,-0.021190424225643684,True
2500,2.0,0.5,11,3.0,242184.6345113404,8.409261811069753,-0.020563059700261194,223684.6345113404,8.035761948684952,-0.02070651407850373,205184.6345113404,7.620874881148902,-0.020851984084209428,186684.6345113404,7.161288766371163,-0.020999512499253196,168184.6345113404,6.654123928003104,-0.021149143324869175,True
2500,2.5,0.0,7,3.0,165828.02711030655,7.399820871987479,-0.020939493094463062,153828.02711030655,7.154415350615675,-0.021044146939522817,141828.02711030655,6.878069977054887,-0.021149852141605748,129828.02711030655,6.566562791702617,-0.021256624623659893,117828.02711030655,6.215320973873908,-0.021364480631805127,True
2500,2.5,0.25,7,3.0,176038.83874218445,8.191798972134903,-0.020862161538618383,164038.83874218445,7.940692561676318,-0.020966041900276247,152038.83874218445,7.654188178965715,-0.021070961955870826,140038.83874218445,7.327735740942921,-0.021176937392681037,128038.83874218445,6.956697364871572,-0.02128398421517489,True
2500,2.5,0.5,7,3.0,179410.45708290627,8.161380962542163,-0.020829792344481655,167410.45708290627,7.914386126385788,-0.02093334979994577,155410.45708290627,7.633529220047336,-0.021037942093299122,143410.45708290627,7.314585357629908,-0.02114358481395957,131410.45708290627,6.953254868375189,-0.021250293866056414,True
3900,1.0,0.0,41,3.0,359113.8069856628,9.47859241187758,-0.02061329739063385,289613.8069856628,7.987031525232341,-0.021831385822868213,220113.80698566278,6.313681869563193,-0.024196891260898808,150613.80698566278,4.469130165215725,-0.02765439348365699,81113.80698566278,2.481256085316472,-0.034987493728252925,True
3900,1.0,0.25,32,3.0,365740.67474404676,9.678419208735631,-0.020401459704026098,311740.67474404676,8.609954539920391,-0.02083552671610934,257740.67474404676,7.401040429405707,-0.02128846591384904,203740.67474404676,6.052361771461132,-0.021812099332467794,149740.67474404676,4.574928008169803,-0.02373006147795547,True
3900,1.0,0.5,27,3.0,323867.10041298345,8.614215638961337,-0.020398328684073427,279367.10041298345,7.704070940042878,-0.02078263671918555,234867.10041298345,6.689634831485614,-0.02118170367440096,190367.10041298345,5.574238010280442,-0.022264467291261855,145867.10041298345,4.368097695871748,-0.023604563692595545,True
3900,1.25,0.0,31,3.0,357417.8763548904,9.587022767048571,-0.019689872719921987,304917.8763548904,8.51128350938475,-0.020067418627070836,252417.8763548904,7.304848504386385,-0.020459726184991936,199917.8763548904,5.9699376141209015,-0.020867678403770205,147417.8763548904,4.517938464324262,-0.02129223015265355,True
3900,1.25,0.25,26,3.0,379553.8616415672,10.565954707087032,-0.019272735223419515,335553.8616415672,9.698260648650223,-0.01959605551238082,291553.8616415672,8.717441991852843,-0.01993040896617762,247553.8616415672,7.622826185081309,-0.020276370141008193,203553.8616415672,6.4203695026638465,-0.020634554191435294,True
3900,1.25,0.5,24,3.0,349730.32269736007,9.175213674066232,-0.019204290632539717,309730.32269736007,8.362957119806172,-0.019522443550016953,269730.32269736007,7.469228338125343,-0.019851315575913957,229730.32269736007,6.497771890708244,-0.020191457709542785,189730.32269736007,5.456612966635342,-0.020543459372934062,True
3900,1.5,0.0,22,3.0,323506.2596386885,8.957951443280447,-0.01989918434049879,285506.2596386885,8.226969362716234,-0.020171878587816425,247506.25963868853,7.407613854601272,-0.020452150568306633,209506.25963868853,6.496027819354948,-0.02074032059188593,171506.25963868853,5.4915994022089025,-0.02103672727908484,True
3900,1.5,0.25,19,3.0,321241.8384047337,8.803736800306929,-0.01979733858808448,288241.8384047337,8.198064550805093,-0.02004057535342553,255241.8384047337,7.516724339525738,-0.02028986344493332,222241.8384047337,6.756799900677749,-0.020545431527403315,189241.8384047337,5.918275835072895,-0.020807519933507927,True
3900,1.5,0.5,17,3.0,287541.4500326719,7.465458779089023,-0.01972005438875434,258541.4500326719,6.896589485695377,-0.019959246579826128,229541.4500326719,6.276204866046018,-0.020204312525733733,200541.4500326719,5.605304458006158,-0.020455471275492416,171541.4500326719,4.88673576815802,-0.020712952907166265,True
3900,1.75,0.0,14,3.0,247041.57210833952,7.797511645698122,-0.020602308318943427,222541.57210833952,7.2492036374211395,-0.02078441829008667,198041.57210833952,6.651442894295835,-0.020969776421803567,173541.57210833952,6.002131153087861,-0.021158470398624996,149041.57210833952,5.300103772468976,-0.021350591089813485,True
3900,1.75,0.25,12,3.0,224143.7631989792,7.597582455712782,-0.020662117808189284,203143.7631989792,6.983694100095775,-0.020830901503752355,182143.7631989792,6.339249471600835,-0.021002465414162983,161143.7631989792,5.6668508390526,-0.021176878803674516,140143.7631989792,4.969854550954244,-0.021354213256606178,True
3900,1.75,0.5,11,3.0,192136.57418310037,5.851370516292498,-0.020567459517165668,173136.57418310037,5.317993293539116,-0.020733218660733483,154136.57418310037,4.767736081686197,-0.02090167131446694,135136.57418310037,4.203102461083108,-0.021072883668606438,116136.57418310037,3.6269215669327663,-0.021246924100046697,True
3900,2.0,0.0,9,3.0,183347.20040864218,6.155100202582925,-0.020998381350922957,167347.20040864218,5.7870220271511785,-0.021123323070905184,151347.20040864218,5.387996869240058,-0.021249760513074853,135347.20040864218,4.95646877403214,-0.021377720697908848,119347.20040864218,4.491253280831486,-0.02150723130066634,True
3900,2.0,0.25,9,3.0,194737.34073986392,6.776301464170016,-0.02094324984210212,178737.34073986392,6.3229731929216575,-0.021067534409728722,162737.34073986392,5.843611942147882,-0.021193302879513428,146737.34073986392,5.33937431278755,-0.021320581986752237,130737.34073986392,4.811991714071168,-0.021449399112870606,True
3900,2.0,0.5,8,3.0,160962.3796360176,5.030121549279714,-0.020860366403741552,146962.3796360176,4.635916465344975,-0.02098258091670616,132962.3796360176,4.228313093868926,-0.021106235903948112,118962.3796360176,3.8087851244813313,-0.021231356983540315,104962.3796360176,3.379039666476435,-0.021357970384650166,True
3900,2.5,0.0,7,3.0,153261.10203037178,6.602820451662444,-0.021027520109053226,141261.10203037178,6.358513500896874,-0.021133057924426116,129261.10203037178,6.0824515157794306,-0.0212396604792981,117261.10203037178,5.770147282057111,-0.021347343968117865,105261.10203037178,5.416724690010564,-0.021456124915426217,True
3900,2.5,0.25,7,3.0,160857.74362198496,7.4178379808242445,-0.021009162570197668,148857.74362198496,7.102441686910004,-0.021114515730195307,136857.74362198496,6.749735504213735,-0.02122093082948867,124857.74362198496,6.356715178146462,-0.02132842400562073,112857.74362198496,5.920873465772365,-0.021437011724773653,True
3900,2.5,0.5,7,3.0,151875.39386271546,5.109748503803766,-0.020947322906659974,139875.39386271546,4.775287515487369,-0.021051134115328527,127875.39386271546,4.4244745912583365,-0.021155979388429343,115875.39386271546,4.058043318381333,-0.021261874253787234,103875.39386271546,3.6770248200211286,-0.021368834551685013,True
5850,1.0,0.0,35,3.0,348879.9180502854,9.657918358732774,-0.02054085807377333,289379.9180502854,8.326889608572005,-0.021013098272618436,229879.91805028543,6.845917193942159,-0.02214994066779809,170379.91805028543,5.223786540158479,-0.02590181752798804,110879.91805028543,3.481676254498827,-0.03200459769899069,True
5850,1.0,0.25,29,3.0,344342.96413809527,9.028440505711561,-0.02022230847880456,295342.96413809527,8.04226705115822,-0.020639824303358152,246342.96413809527,6.939548725617273,-0.02107494389350484,197342.96413809527,5.723051752721961,-0.02186387505576504,148342.96413809527,4.403994514837566,-0.02591685799661846,True
5850,1.0,0.5,24,3.0,306328.32067859126,7.594977972849782,-0.020551555093621447,266328.32067859126,6.846196713769713,-0.020900666802321,226328.32067859126,6.016901750853357,-0.021492696500541572,186328.32067859126,5.1068853161788414,-0.02275158802468362,146328.32067859126,4.119899843558746,-0.024929618233252022,True
5850,1.25,0.0,23,3.0,345690.03570553986,9.4523411224553,-0.019533454554656337,306190.03570553986,8.682025114069535,-0.019826499963235215,266690.03570553986,7.822537757818667,-0.020128471960727784,227190.03570553986,6.872026034098081,-0.020439784730753204,187690.03570553986,5.8324947975543235,-0.020760878482991896,True
5850,1.25,0.25,19,3.0,304795.77306165686,7.981949645707825,-0.019574199229796592,272295.77306165686,7.321071789750782,-0.01983996973938242,239795.77306165686,6.605427138911565,-0.020113056635484107,207295.77306165686,5.836019222547023,-0.020393766253449033,174795.77306165686,5.015784710728704,-0.020682422272265903,True
5850,1.25,0.5,16,3.0,255000.52878291998,6.346900211383996,-0.020164996621179713,228000.52878291998,5.824966618984528,-0.020229293198288933,201000.52878291998,5.26361806106768,-0.020462721273379395,174000.52878291998,4.662953867588955,-0.020701599341846462,147000.52878291998,4.024128076890227,-0.020946120524831018,True
5850,1.5,0.0,16,4.0,270540.91727632564,8.565412090935428,-0.020210848328868096,241540.91727632564,7.83593587023887,-0.020427475077620907,212540.91727632564,7.044114404590224,-0.02064879589741691,183540.91727632564,6.193283395056296,-0.02087496503269642,154540.91727632564,5.289518897700731,-0.021106143560582363,True
5850,1.5,0.25,14,3.5,249887.77001680154,7.043645206049828,-0.020046022798425885,224887.77001680154,6.476621795034282,-0.020257227507567574,199887.77001680154,5.869269496797675,-0.020472930108140667,174887.77001680154,5.223378936774206,-0.02069327582964492,149887.77001680154,4.542054420897799,-0.020918416221899168,True
5850,1.5,0.5,12,3.0,212989.80502412235,5.634667635248753,-0.02037607522294958,191989.80502412235,5.180104403835077,-0.020557244391776003,170989.80502412235,4.698892204854326,-0.02074166410978996,149989.80502412235,4.191924284539758,-0.020929422651254952,128989.80502412235,3.6607225496298743,-0.02112061151595228,True
5850,1.75,0.0,10,4.0,184990.60824664962,6.452581021024652,-0.02105188725617715,166490.60824664962,5.904098833556914,-0.021182423706890146,147990.60824664962,5.322476173827065,-0.0213145890930503,129490.60824664962,4.710806498340651,-0.02144841409678214,110990.60824664962,4.0732717781976415,-0.02158393017563746,True
5850,1.75,0.25,8,3.5,142285.66077540442,4.564116513775689,-0.021039880076128933,127785.66077540442,4.134869709272698,-0.021169119103945727,113285.66077540442,3.6917766579565123,-0.021299955665407946,98785.66077540442,3.237070045624784,-0.021432419565582884,84285.66077540442,2.7732602814885223,-0.021566541355605533,True
5850,1.75,0.5,8,3.5,147682.76376250898,4.291579213939401,-0.02098768850952187,133182.76376250898,3.915597044755637,-0.021116285191975077,118682.76376250898,3.5259524623110616,-0.02124646747622486,104182.76376250898,3.1239870243724766,-0.021378264869978965,89682.76376250898,2.711300178429523,-0.021511707617691483,True
5850,2.0,0.0,7,4.0,156062.60627061408,5.506461215658412,-0.02132484829026321,142562.60627061408,5.109444598352989,-0.021428326116824534,129062.60627061408,4.690707036454527,-0.021532813082791643,115562.60627061408,4.251575384492401,-0.02163832402253569,102062.60627061408,3.793887109130281,-0.02174487406261363,True
5850,2.0,0.25,6,4.0,112702.57013640134,3.6363404613300285,-0.0213306317882854,101202.57013640134,3.288456356305317,-0.021433255444168294,89702.57013640134,2.9317459989265315,-0.021536871337728983,78202.57013640134,2.5677915867318166,-0.02164149392935158,66702.57013640134,2.198318501010835,-0.021747137961776537,True
5850,2.0,0.5,6,4.0,113067.59307032917,3.3285535472753787,-0.021326995273976114,101567.59307032917,3.0190440064439863,-0.021429583857479513,90067.59307032917,2.700742098637675,-0.021533164168819525,78567.59307032917,2.3746914019843266,-0.02163775065845019,67067.59307032917,2.0420761063553114,-0.021743358058938966,True
5850,2.5,0.0,5,4.0,159456.19216569653,5.913977792200164,-0.02136606106693589,149456.19216569653,5.6759170062100415,-0.021434355909989912,139456.19216569653,5.417273195755611,-0.021503088750676053,129456.19216569653,5.137342196209421,-0.02157226381608679,119456.19216569653,4.8357206932269285,-0.02164188538788407,True
5850,2.5,0.25,4,4.0,110028.57025262387,3.668157123911078,-0.02135730918182699,102028.57025262387,3.4371921816872097,-0.021424948911047657,94028.57025262387,3.197312468446282,-0.021493018438671654,86028.57025262387,2.949183915976712,-0.02156152187431262,78028.57025262387,2.6936127667193284,-0.02163046338014504,True
5850,2.5,0.5,4,4.0,110239.04007229256,3.3257687928051145,-0.021355206992112862,102239.04007229256,3.1221530357193306,-0.021422833385415268,94239.04007229256,2.9106955369089484,-0.02149088944981626,86239.04007229256,2.691757300009327,-0.02155937929330398,78239.04007229256,2.465802242533809,-0.021628307076401374,True
