ma_window,entry_z,exit_z,trade_count,sharpe_ratio,net_pnl_twd,return_pct,max_drawdown_pct,win_rate,ticks_median,ticks_p25,ticks_lt1_share
390,1.0,0.0,241,14.26759557869239,721280.3810831072,0.36064019054155355,-0.020893024739909113,0.8298755186721992,0.7629484799150765,0.29820192742949275,0.6016597510373444
390,1.0,0.25,189,12.255152987921868,674153.1520873369,0.3370765760436682,-0.0233012633719147,0.8359788359788359,1.0541093888986879,0.5000136800657616,0.48148148148148145
390,1.0,0.5,152,11.699994508792432,594470.9375676633,0.29723546878383167,-0.022971097309993634,0.8552631578947368,1.1929174972287457,0.5830546521193936,0.4342105263157895
390,1.25,0.0,175,13.580278803887786,660011.9411802548,0.33000597059012765,-0.017754349159562113,0.8685714285714285,1.0219581930469792,0.43808446256205924,0.49714285714285716
390,1.25,0.25,143,11.465481131557963,592116.602381512,0.29605830119075605,-0.0204632806460213,0.8601398601398601,1.1963744164332661,0.4254867957708673,0.4125874125874126
390,1.25,0.5,121,11.602762709664612,557507.4922293304,0.2787537461146652,-0.019935949901031338,0.8842975206611571,1.2814948205427419,0.664284111938725,0.3884297520661157
390,1.5,0.0,131,12.932069809857385,522286.7511610051,0.26114337558050266,-0.018404792554800355,0.8702290076335878,1.1078658475426353,0.49318691591950264,0.44274809160305345
390,1.5,0.25,109,11.211764683631547,480929.5772105658,0.240464788605283,-0.01936825903932364,0.8532110091743119,1.1771430005979047,0.3521702978845161,0.43119266055045874
390,1.5,0.5,94,10.629451189523559,437745.5586827318,0.2188727793413659,-0.02018693212999624,0.8404255319148937,1.3064034098562614,0.526569264543777,0.3829787234042553
390,1.75,0.0,102,13.46632161771918,495335.8126068387,0.2476679063034195,-0.0164973357383966,0.8823529411764706,1.252192302975495,0.5530905973472247,0.38235294117647056
390,1.75,0.25,88,12.625438711712219,492249.3744355614,0.24612468721778086,-0.017722980154228837,0.8977272727272727,1.4660160708589427,0.7237389654685511,0.32954545454545453
390,1.75,0.5,80,12.251831932364082,479769.9374741646,0.23988496873708232,-0.01721885177658217,0.9,1.499779970073949,0.8241194153719837,0.3125
390,2.0,0.0,81,11.497011675807656,419178.27416600846,0.20958913708300422,-0.016327857999364242,0.8765432098765432,1.25894297573703,0.5549706544127327,0.38271604938271603
390,2.0,0.25,71,11.080366386403032,424745.00718479627,0.21237250359239826,-0.017549033890909393,0.9014084507042254,1.3268382643434542,0.7611231234011882,0.29577464788732394
390,2.0,0.5,68,12.602801260484298,468697.16222698346,0.2343485811134919,-0.01703307075630706,0.8823529411764706,1.7429539929964921,0.8179814701561778,0.29411764705882354
390,2.5,0.0,54,12.946192382264258,350287.2679538457,0.17514363397692284,-0.013592704882861009,0.9259259259259259,1.6961813158507155,0.634064688294782,0.3148148148148148
390,2.5,0.25,49,12.47681455181675,359312.8437543476,0.1796564218771737,-0.013664198742464028,0.9387755102040817,1.8372180206614814,0.9233748614216618,0.2653061224489796
390,2.5,0.5,49,13.902699582919265,386579.2165732685,0.19328960828663433,-0.013447566668586541,0.9591836734693877,2.11414321850458,0.9645197388256282,0.2857142857142857
780,1.0,0.0,142,13.68167241684841,648538.8635786134,0.3242694317893067,-0.01753970874624832,0.8661971830985915,1.1070619006358058,0.5011921249829745,0.43661971830985913
780,1.0,0.25,107,13.485752914581887,604887.72661368,0.30244386330684,-0.017871846315853184,0.9065420560747663,1.291232143383649,0.658850504086767,0.3644859813084112
780,1.0,0.5,80,11.439000638326588,528188.8633302718,0.2640944316651358,-0.01937714210608308,0.925,1.5873835518895452,0.9675651420547529,0.2625
780,1.25,0.0,98,13.67147065277067,555853.3324375091,0.2779266662187546,-0.018094201384352172,0.9183673469387755,1.3858653025094827,0.7853670906121732,0.3469387755102041
780,1.25,0.25,80,12.865786551554871,566212.2221063535,0.2831061110531767,-0.01816350859339347,0.95,1.4529078621929727,0.9677402891225112,0.275
780,1.25,0.5,65,12.381879594963182,539818.3007188874,0.26990915035944363,-0.01830870891163512,0.9384615384615385,1.6550694594869275,1.2122828714313238,0.18461538461538463
780,1.5,0.0,67,13.104369022548655,482745.90368110157,0.24137295184055088,-0.018608186821235516,0.9552238805970149,1.9513566560519302,0.9718441290593101,0.2835820895522388
780,1.5,0.25,58,12.418789588475494,518998.4103422611,0.2594992051711306,-0.01837613786480475,0.9655172413793104,2.268357735241682,1.1905766123315247,0.20689655172413793
780,1.5,0.5,49,11.964487939945874,498630.3373638682,0.249315168681934,-0.018533941619684708,0.9387755102040817,2.5722866779642524,1.476967103216711,0.12244897959183673
780,1.75,0.0,51,13.499048860257318,414985.7790295472,0.20749288951477363,-0.018925169506417552,0.9607843137254902,2.453406588134823,1.1199910871546468,0.21568627450980393
780,1.75,0.25,45,13.346551057086387,448335.3627870589,0.22416768139352952,-0.01884367634901695,0.9555555555555556,2.658977818303343,1.3151566240949073,0.13333333333333333
780,1.75,0.5,40,11.580661255384236,429313.0081317059,0.21465650406585307,-0.018927093328529963,0.95,2.8411981380917704,1.5858133204747384,0.1
780,2.0,0.0,42,12.612495464979188,351300.41994414915,0.17565020997207448,-0.019365782982253475,0.9285714285714286,2.4887321674710408,1.3828855265023967,0.19047619047619047
780,2.0,0.25,39,13.32887358967393,411008.93767400703,0.20550446883700368,-0.019160327882689746,0.9230769230769231,3.2226136516373645,1.6746498596798438,0.1282051282051282
780,2.0,0.5,34,11.511805274486168,388666.5724008354,0.19433328620041768,-0.01927378712678901,0.9411764705882353,3.192076472881431,1.8733093884067913,0.08823529411764706
780,2.5,0.0,28,12.975537231468904,301249.53160748736,0.15062476580374362,-0.01978955483890518,1.0,3.0914416547388384,1.824909250024191,0.03571428571428571
780,2.5,0.25,28,13.233079321824915,369031.32226544875,0.1845156611327245,-0.019506952467316516,1.0,3.896066713384381,3.0630525119007954,0.03571428571428571
780,2.5,0.5,27,12.232022141065228,378280.0469645547,0.1891400234822773,-0.01935940780245978,0.9629629629629629,4.321375306904205,2.8834643227124515,0.037037037037037035
1560,1.0,0.0,73,13.336174445142165,523729.90735631617,0.2618649536781581,-0.01923762559024576,0.958904109589041,1.7063358542673717,0.9475755740942302,0.273972602739726
1560,1.0,0.25,56,12.317059489797593,511698.2825593134,0.2558491412796569,-0.019302703656204748,0.9464285714285714,2.5192942117989228,1.6198461934756894,0.125
1560,1.0,0.5,46,11.19782388900687,492814.39219334436,0.24640719609667222,-0.021062048844870618,0.9565217391304348,2.7137880998231068,1.8919487751895223,0.06521739130434782
1560,1.25,0.0,51,11.743137682462585,441325.2151628049,0.2206626075814024,-0.01973280836770903,0.9803921568627451,2.3333012473803905,1.404641743731485,0.17647058823529413
1560,1.25,0.25,42,10.924787018355891,474203.782365986,0.23710189118299307,-0.019614407180472665,0.9523809523809523,3.128422658854809,2.2516536057841385,0.047619047619047616
1560,1.25,0.5,38,10.997867856518395,482233.0197654268,0.24111650988271344,-0.01965149821800412,0.9736842105263158,3.145917257177073,2.403818172881006,0.05263157894736842
1560,1.5,0.0,33,10.242643455670198,345556.3128831252,0.17277815644156258,-0.020748767133571117,0.9696969696969697,2.76991025377674,1.6550694594869275,0.15151515151515152
1560,1.5,0.25,29,9.134035585144765,357181.7971293213,0.17859089856466068,-0.020811823109228543,0.9310344827586207,2.83003398896195,2.2474960493085674,0.06896551724137931
1560,1.5,0.5,28,9.853743717086306,390594.93325717293,0.1952974666285864,-0.020627124277738242,0.9642857142857143,3.576839502062934,2.4799180349252268,0.07142857142857142
1560,1.75,0.0,29,11.513198745743985,372396.42517356866,0.18619821258678426,-0.01939511979098144,1.0,3.369110849051096,2.1890589100955147,0.034482758620689655
1560,1.75,0.25,25,9.84970894660108,356508.20295790135,0.1782541014789506,-0.01968318836431502,1.0,3.5595291044519533,2.7378960709276994,0.04
1560,1.75,0.5,25,10.685161941329412,394873.6819284485,0.1974368409642242,-0.019487198273602294,1.0,4.812166646637002,3.219083150645714,0.0
1560,2.0,0.0,21,10.156390068325209,331926.14606824436,0.1659630730341221,-0.019473999223883282,1.0,4.020634402481342,3.1740213729661013,0.0
1560,2.0,0.25,18,9.421122637735666,320963.7947515691,0.16048189737578458,-0.019773339255827502,0.9444444444444444,4.7060143268204495,3.7299417564793558,0.05555555555555555
1560,2.0,0.5,18,10.049875839098767,350585.50870214985,0.1752927543510748,-0.019594374446005675,1.0,5.508234593742179,4.187609887402373,0.0
1560,2.5,0.0,11,7.936046045072787,219242.53227232033,0.10962126613616012,-0.020356737054668745,1.0,4.824728901948736,3.996867646780479,0.0
1560,2.5,0.25,9,7.207679790911792,181359.68479245246,0.09067984239622624,-0.020709745553958294,1.0,5.425033080360974,3.712642893735431,0.1111111111111111
1560,2.5,0.5,9,7.613130507456574,198854.44895943668,0.09942722447971837,-0.02062687679641409,1.0,5.957723715975066,5.425033080360974,0.0
2500,1.0,0.0,58,12.71622152972564,553790.3554953776,0.27689517774768874,-0.018216914426786832,1.0,2.531225119656132,1.4987477320202272,0.08620689655172414
2500,1.0,0.25,43,12.802387289942757,496102.76250690065,0.24805138125345041,-0.01847783392041127,1.0,3.0647157442366932,2.090606349030404,0.046511627906976744
2500,1.0,0.5,36,11.915600854335217,461385.5195859136,0.23069275979295675,-0.018794244173434258,1.0,3.4577002639696985,2.4046428683460475,0.0
2500,1.25,0.0,34,11.26006028292042,436073.09978401696,0.21803654989200855,-0.018974259616602717,1.0,2.843400518657079,2.353922991486593,0.058823529411764705
2500,1.25,0.25,32,11.783084607855377,458085.76802133454,0.22904288401066744,-0.018671328689478586,1.0,3.978689803182916,2.832191333910592,0.0
2500,1.25,0.5,29,11.333045701094475,429382.4173806277,0.21469120869031386,-0.018895048825451035,1.0,4.120435343551977,3.2566247578346963,0.0
2500,1.5,0.0,23,9.852521767934672,367084.06006435613,0.18354203003217814,-0.019384182211847255,1.0,3.7783680117956013,2.0913223136185426,0.043478260869565216
2500,1.5,0.25,22,9.917917962323186,370514.57030769705,0.1852572851538486,-0.019373956658953393,1.0,4.492029073416839,2.964625621253465,0.0
2500,1.5,0.5,21,10.059843150322955,364539.27220244973,0.18226963610122493,-0.019423633917414418,1.0,4.484663798342273,3.44194149723517,0.0
2500,1.75,0.0,17,9.023103176820005,297118.5656745501,0.14855928283727496,-0.020040088962653677,1.0,5.455438682716051,2.8057485149642085,0.0
2500,1.75,0.25,16,8.901228086833706,292508.00510994974,0.14625400255497498,-0.02010068139198779,1.0,5.359647616354819,3.27116759108584,0.0
2500,1.75,0.5,15,8.987417980681103,279015.52214177535,0.13950776107088755,-0.02022184513294416,1.0,5.158264727941329,4.005326933476246,0.0
2500,2.0,0.0,12,8.65504536353988,247853.84407338186,0.12392692203669087,-0.020496610484712144,1.0,5.091513645641465,4.361632974554823,0.0
2500,2.0,0.25,11,8.460270897611823,243456.29272585164,0.12172814636292588,-0.020558010287692604,1.0,5.897877818052146,5.4792913838141315,0.0
2500,2.0,0.5,11,8.51269305892938,247625.6345113407,0.1238128172556702,-0.020519154360980254,1.0,5.897877818052146,5.627304738895404,0.0
2500,2.5,0.0,7,7.473272025246559,169334.0271103065,0.08466701355515327,-0.02090814508742479,1.0,7.4304171882841255,4.773674803049996,0.0
2500,2.5,0.25,7,8.262302429320256,179544.83874218463,0.08977241937109223,-0.020831044474376365,1.0,7.4304171882841255,5.6600412112904035,0.0
2500,2.5,0.5,7,8.230668672134527,182916.4570829062,0.09145822854145313,-0.020798771694414825,1.0,7.4304171882841255,5.6600412112904035,0.0
3900,1.0,0.0,41,9.878456139736343,379703.30698566255,0.1898516534928314,-0.020451821336679478,0.975609756097561,2.8190878972988975,1.533538069007187,0.17073170731707318
3900,1.0,0.25,32,9.959925069213238,381655.6747440467,0.19082783737202338,-0.020274770137143155,0.96875,3.585054961658603,2.2900414084406666,0.0625
3900,1.0,0.5,27,8.86070625688399,337255.60041298345,0.16862780020649173,-0.02028501644631133,0.9629629629629629,4.069109554067045,3.1442735388499212,0.037037037037037035
3900,1.25,0.0,31,9.880617381969264,372824.87635489024,0.1864124381774452,-0.019577492078130556,1.0,3.533906097060395,2.4163343972122595,0.06451612903225806
3900,1.25,0.25,26,10.791743620621085,392476.86164156743,0.1962384308207836,-0.019177329972167083,1.0,4.423241634528757,3.5480404724522807,0.038461538461538464
3900,1.25,0.5,24,9.394180662673847,361679.32269735984,0.18083966134868004,-0.019110385135573536,1.0,4.31949418747124,3.650212335478697,0.0
3900,1.5,0.0,22,9.151434662408239,334526.7596386884,0.16726337981934428,-0.019818213561415506,1.0,4.786180530288288,2.2460492803993284,0.0
3900,1.5,0.25,19,8.960200761581374,330714.83840473375,0.16535741920236685,-0.019726279836393766,1.0,5.311467176256621,3.578462446460562,0.0
3900,1.5,0.5,17,7.618255614695813,296042.4500326721,0.14802122501633597,-0.019650163209877305,1.0,5.158264727941329,3.9381773983964092,0.0
3900,1.75,0.0,14,7.943967088368746,253916.07210833937,0.12695803605416975,-0.02054924285060799,1.0,5.542934458161812,4.724425365948967,0.0
3900,1.75,0.25,12,7.7639188227385025,229995.26319897932,0.1149976315994896,-0.020613784214510655,1.0,5.592790482635078,4.780501386631259,0.0
3900,1.75,0.5,11,5.997670354250547,197538.0741831003,0.09876903709155019,-0.02051998541620195,1.0,5.813728094791207,4.450032225328472,0.0
3900,2.0,0.0,9,6.252888942344888,187725.7004086423,0.09386285020432109,-0.020962754322969623,1.0,5.400885483252808,4.751903376108564,0.0
3900,2.0,0.25,9,6.897450497122779,199115.84073986375,0.09955792036993197,-0.020907809489089425,1.0,5.895049342219832,5.158264727941329,0.0
3900,2.0,0.5,8,5.13712647306665,164890.8796360176,0.08244543981800881,-0.0208255129681902,1.0,5.769437989379626,5.142619213736138,0.0
3900,2.5,0.0,7,6.671205551076437,156755.60203037175,0.07837780101518589,-0.020996020180930566,1.0,7.415180303562669,4.703270934082255,0.0
3900,2.5,0.25,7,7.505910052454644,164352.24362198485,0.08217612181099249,-0.020977717577356156,1.0,7.071742707089335,5.926386529097449,0.0
3900,2.5,0.5,7,5.202816132244789,155369.89386271563,0.07768494693135773,-0.020916335789128295,1.0,7.606506935185236,5.5670520638390295,0.0
5850,1.0,0.0,35,10.018444663164905,366511.41805028537,0.1832557090251427,-0.02040184429609691,0.9428571428571428,3.026661314673316,1.750881371896067,0.11428571428571428
5850,1.0,0.25,29,9.299001340421862,358990.4641380953,0.17949523206904763,-0.020100331927948915,0.9655172413793104,3.592210299724507,2.673184791874015,0.06896551724137931
5850,1.0,0.5,24,7.802449441304621,318309.82067859115,0.15915491033929563,-0.020448792534216664,0.9583333333333334,4.38568647980968,2.5878563039893074,0.041666666666666664
5850,1.25,0.0,23,9.65028335830566,357243.03570553986,0.17862151785276995,-0.019447524065166765,1.0,4.415809847702051,3.024196589047171,0.043478260869565216
5850,1.25,0.25,19,8.161136115577246,314336.27306165686,0.15716813653082842,-0.019496679234378977,1.0,4.3171345828229395,3.098541685199571,0.0
5850,1.25,0.5,16,6.4916093315231755,262938.02878291975,0.13146901439146,-0.020162383381656785,1.0,4.353756340293563,3.8002011344873687,0.0
5850,1.5,0.0,16,8.754845357542395,278533.9172763255,0.13926695863816282,-0.020150080792933345,1.0,5.1307812087866385,3.4789036893956857,0.0625
5850,1.5,0.25,14,7.193841037865053,256906.77001680134,0.12845338500840078,-0.019986762547402653,1.0,5.291648904151152,3.542021421587996,0.0
5850,1.5,0.5,12,5.7593108365905845,218954.80502412232,0.10947740251206117,-0.020324380707374818,1.0,5.291648904151152,3.934338877266502,0.0
5850,1.75,0.0,10,6.593351225153707,189917.10824664985,0.09495855412332481,-0.021015824889352084,1.0,5.494454661607424,4.592002261162746,0.0
5850,1.75,0.25,8,4.677416221070303,146240.16077540422,0.07312008038770221,-0.02100417350645319,1.0,5.528071272996738,4.0968816471644995,0.0
5850,1.75,0.5,8,4.391056738702619,151637.2637625091,0.0758186318812545,-0.020952158718125898,1.0,5.528071272996738,4.336779267799342,0.0
5850,2.0,0.0,7,5.605967953275981,159545.60627061408,0.07977280313530705,-0.021297075389673296,1.0,5.895049342219832,5.280824049680187,0.0
5850,2.0,0.25,6,3.7257560513364214,115735.57013640148,0.057867785068200665,-0.021303086704522564,1.0,5.280824049680187,4.16578433185784,0.0
5850,2.0,0.5,6,3.4083435077742448,116100.59307032923,0.05805029653516458,-0.021299459575298565,1.0,5.280824049680187,4.1428525166376176,0.0
5850,2.5,0.0,5,5.97069662425525,161987.19216569673,0.08099359608284826,-0.021347922547933183,1.0,8.709122428161907,8.106019267555396,0.0
5850,2.5,0.25,4,3.725169144392586,112093.5702526238,0.056046785126311935,-0.021339343989872948,1.0,8.40757084785865,6.421239194267529,0.0
5850,2.5,0.5,4,3.376399335596125,112304.04007229277,0.05615202003614628,-0.021337245335108092,1.0,8.40757084785865,6.421239194267529,0.0
