rank,rank_sharpe,ma_window,entry_z,exit_z,zscore_valid_rows,sharpe_ratio,daily_return_count,daily_return_mean,daily_return_std,return_over_max_dd,sharpe_rank_eligible,trade_count,winning_trades,losing_trades,win_rate,gross_pnl_twd,net_pnl_twd,return_pct,max_drawdown_twd,max_drawdown_pct,profit_factor,avg_trade_pnl_twd,exposure_minutes,exposure_ratio,total_fee_twd,total_crossing_cost_twd,start,end,rank_net_pnl,rank_return_over_max_dd
1,1,2500,0.75,0.0,9510,14.036606177250547,30,0.003638568567809234,0.004114989380103283,8.006059093612786,True,32,32,0,1.0,402659.0134788545,229690.1193282939,0.11484505966414697,-30646.781977275852,-0.014344767921557072,,7177.816229009184,44493,0.8327500046791069,172968.89415056063,138050.9239141424,2026-06-09 21:30:00+08:00,2026-07-16 23:59:00+08:00,3,5
2,2,780,2.0,0.25,9510,13.532551408921682,30,0.0035416960076628534,0.004154625350023136,8.794157338639536,True,19,18,1,0.9473684210526315,327044.99470460624,223232.03945174985,0.111616019725875,-25879.178708036896,-0.012692065359742823,795.0501216165798,11749.054707986834,27458,0.513915663778098,103812.95525285637,82844.36765884802,2026-06-09 21:30:00+08:00,2026-07-16 23:59:00+08:00,4,2
3,3,2500,1.0,0.0,9510,13.284854144100182,30,0.0038991868670531244,0.0046592662532948205,9.558596729174774,True,23,23,0,1.0,370859.1493728552,246971.6413796517,0.1234858206898258,-26908.79851301224,-0.012918823148268413,,10737.897451289204,42162,0.7891220123902749,123887.5079932035,98654.39928920481,2026-06-09 21:30:00+08:00,2026-07-16 23:59:00+08:00,2,1
4,4,780,2.0,-0.25,9510,12.648812254048,30,0.0025277191531116144,0.0031723371945256884,7.312250671926498,True,21,21,0,1.0,270547.2065479495,157042.38246362034,0.07852119123181002,-21754.808067831444,-0.010738306816158791,,7478.208688743825,9564,0.17900391173332833,113504.82408432917,90355.28055201669,2026-06-09 21:30:00+08:00,2026-07-16 23:59:00+08:00,47,11
5,5,2500,1.0,0.25,9510,12.470943465050523,30,0.003461260255779597,0.004405905881296943,5.914856229275322,True,20,20,0,1.0,325445.26234790037,217823.64667497185,0.10891182333748602,-37251.57209950243,-0.01841326637804512,,10891.182333748593,44799,0.8384772314660578,107621.61567292856,85769.99679819631,2026-06-09 21:30:00+08:00,2026-07-16 23:59:00+08:00,7,22
6,6,780,2.0,0.0,9510,12.300508390152425,30,0.0031543375228471355,0.00407085253970204,7.802365607057258,True,20,19,1,0.95,306557.8014165184,197653.02431452277,0.09882651215726138,-25879.178708036896,-0.012666224211266461,704.0639883964977,9882.651215726139,16271,0.30453499036103987,108904.77710199557,86742.16765780612,2026-06-09 21:30:00+08:00,2026-07-16 23:59:00+08:00,26,7
7,7,3900,1.0,0.5,9510,12.133426520625376,30,0.00332110644188884,0.004345098249637516,5.356268783367037,True,17,17,0,1.0,299086.179224437,208565.92135711625,0.10428296067855809,-39143.21971901087,-0.019469329284294082,,12268.583609242132,36889,0.6904302906661176,90520.25786732067,72134.43260000284,2026-06-09 21:30:00+08:00,2026-07-16 23:59:00+08:00,16,39
8,8,2500,1.0,0.5,9510,12.097856720791846,30,0.0033918896103839542,0.00445075351317551,5.789735361049106,True,17,17,0,1.0,304781.4861724766,213215.87892276875,0.10660793946138443,-37873.063623273745,-0.01841326637804512,,12542.11052486875,50478,0.9447678227179996,91565.60724970783,72906.99133449463,2026-06-09 21:30:00+08:00,2026-07-16 23:59:00+08:00,14,24
9,9,2500,1.5,0.5,9510,12.011472731505851,30,0.0031094851246342516,0.004109533208358967,5.966438683461184,True,12,12,0,1.0,259481.7173109117,194697.02464349216,0.09734851232174598,-34290.370393017074,-0.0163160165529889,,16224.752053624346,39589,0.7409646446686257,64784.69266741961,51457.09159834218,2026-06-09 21:30:00+08:00,2026-07-16 23:59:00+08:00,30,20
10,10,1560,1.0,0.5,9510,11.92317226876538,30,0.004025743948668977,0.005359874246606447,6.745653859470804,True,21,21,0,1.0,367991.3105523327,255258.32723955653,0.12762916361977836,-40467.1053577112,-0.01892020644382587,,12155.158439978883,44613,0.8349959759681073,112732.98331277625,89368.16705780165,2026-06-09 21:30:00+08:00,2026-07-16 23:59:00+08:00,1,13
11,11,2500,0.75,0.5,9510,11.785541048785444,30,0.0033877827824562983,0.004563166358430105,5.756964850692162,True,22,22,0,1.0,331018.6351474749,212910.76333845736,0.10645538166922866,-37824.33153242618,-0.018491580968473257,,9677.76196992988,51651,0.966722192067978,118107.87180901754,94143.09007130227,2026-06-09 21:30:00+08:00,2026-07-16 23:59:00+08:00,15,25
12,12,2500,0.75,0.25,9510,11.697551025583936,30,0.0032001329165529334,0.004342835098235387,5.423856172520847,True,25,25,0,1.0,334931.61103624495,200591.35115104518,0.1002956755755227,-37287.35961941397,-0.018491580968473257,,8023.654046041807,45859,0.8583166445188942,134340.25988519975,107164.1099596271,2026-06-09 21:30:00+08:00,2026-07-16 23:59:00+08:00,25,35
13,13,1560,0.75,0.0,9510,11.578221858330775,30,0.003442046915799246,0.004719273953281083,5.935913367267479,True,33,31,2,0.9393939393939394,394472.3891981041,216457.79244742432,0.10822889622371225,-38743.20986808534,-0.018232896864789322,26.43105340730826,6559.327043861343,46336,0.8672443803926706,178014.5967506798,141273.12603528207,2026-06-09 21:30:00+08:00,2026-07-16 23:59:00+08:00,9,21
14,14,780,1.0,0.25,9510,11.38800858885499,30,0.0034103037054619627,0.004753850734895672,6.86592091765182,True,31,28,3,0.9032258064516129,380799.86540818884,214344.88312942034,0.10717244156471012,-32148.690533093642,-0.015609332360525299,16.01454951251764,6914.3510686909785,41058,0.7684590765314717,166454.98227876847,132094.31856794294,2026-06-09 21:30:00+08:00,2026-07-16 23:59:00+08:00,11,12
15,15,2500,0.75,-0.25,9510,11.263843485171433,30,0.003299400922138059,0.004649955049694991,7.9587788428048905,True,41,37,4,0.9024390243902439,429735.4660503753,207047.0608533083,0.10352353042665427,-27274.742760560475,-0.013007464143854732,29.627414693181073,5049.928313495325,42891,0.8027662879709521,222688.40519706692,177535.35634272845,2026-06-09 21:30:00+08:00,2026-07-16 23:59:00+08:00,18,6
16,16,1560,0.75,0.5,9510,11.213696610434386,30,0.003444224166532295,0.004875766263762065,5.687664811110895,True,22,21,1,0.9545454545454546,334879.58489710104,216553.86205220362,0.10827693102610181,-40270.030771293445,-0.019037150504119377,183.4524894649812,9843.357366009255,52395,0.9806472140597803,118325.7228448975,93867.92246537881,2026-06-09 21:30:00+08:00,2026-07-16 23:59:00+08:00,8,27
17,17,3900,1.0,0.0,9510,11.211418679680163,30,0.0034420693600945907,0.004873705879212774,5.557801435446572,True,21,21,0,1.0,328840.8292725618,216413.3324868631,0.10820666624343163,-39143.21971901087,-0.019469329284294082,,10305.396785088718,29011,0.5429822755432443,112427.49678569868,89726.97775345184,2026-06-09 21:30:00+08:00,2026-07-16 23:59:00+08:00,10,31
18,18,1560,1.0,0.25,9510,11.160426364316189,30,0.003474934240910125,0.004942720747558743,5.7527519867479295,True,22,22,0,1.0,336433.38790407137,218570.63588919284,0.10928531794459652,-40467.105357711436,-0.018997050141627305,,9935.02890405422,42978,0.8043946171554773,117862.75201487853,93458.53293794407,2026-06-09 21:30:00+08:00,2026-07-16 23:59:00+08:00,6,26
19,19,780,1.5,0.25,9510,11.150537728551539,30,0.0033222864595622626,0.004729786474931275,8.015293967115213,True,22,20,2,0.9090909090909091,327622.89742968965,208533.0869158493,0.10426654345792462,-27253.511606479296,-0.01300844908317832,33.18233849343274,9478.77667799315,36528,0.6836736603717083,119089.81051384033,95014.7232050273,2026-06-09 21:30:00+08:00,2026-07-16 23:59:00+08:00,17,4
20,20,1560,1.5,0.5,9510,11.11729626991514,30,0.003255110380318016,0.0046480074006980225,5.287493789648705,True,15,15,0,1.0,284852.4396629227,204125.56914505624,0.10206278457252821,-40467.10535771167,-0.019302676964337226,,13608.371276337082,38997,0.7298845196428906,80726.87051786642,64212.74364178704,2026-06-09 21:30:00+08:00,2026-07-16 23:59:00+08:00,21,41
21,21,3900,1.0,0.25,9510,11.090843965737223,30,0.003225712717687183,0.004617015807798154,5.192743738901901,True,19,19,0,1.0,303210.54361891485,202198.47548327502,0.10109923774163751,-39143.21971901087,-0.019469329284294082,,10642.025025435527,30642,0.5735087686462408,101012.06813563975,80521.46045804296,2026-06-09 21:30:00+08:00,2026-07-16 23:59:00+08:00,23,46
22,22,2500,1.0,-0.25,9510,10.945300436884354,30,0.0035400139638276967,0.005134256463763278,8.619636028196789,True,25,25,0,1.0,358044.4183068745,222830.86015366233,0.11141543007683126,-26908.79851301224,-0.012925769685908554,,8913.234406146494,40785,0.7633494918489958,135213.55815321213,107623.96192734665,2026-06-09 21:30:00+08:00,2026-07-16 23:59:00+08:00,5,3
23,23,3900,0.75,0.5,9510,10.900184491774644,30,0.0031234107937945493,0.004548786238752814,5.0217863519939865,True,19,19,0,1.0,296022.4685677575,195491.00271700197,0.09774550135850091,-39123.38633052516,-0.019464289100966904,,10289.000143000105,42603,0.7973759568773513,100531.46585075554,80092.69181381722,2026-06-09 21:30:00+08:00,2026-07-16 23:59:00+08:00,28,48
24,24,1560,1.0,0.0,9510,10.86423077218444,30,0.0034097274836805062,0.0049821977180848015,5.905990280325045,True,26,25,1,0.9615384615384616,353835.0766427714,214236.91372500418,0.10711845686250203,-38719.61235579499,-0.01813725586703922,50.48477605230434,8239.881297115546,41581,0.7782477680660316,139598.16291776724,110737.67531700013,2026-06-09 21:30:00+08:00,2026-07-16 23:59:00+08:00,12,23
25,25,3900,0.75,0.0,9510,10.797222290583022,30,0.0033994387925507684,0.004997990816648845,5.485720352023257,True,26,26,0,1.0,351428.6281599573,213551.2937176774,0.10677564685883861,-39123.38633052516,-0.019464289100966904,,8213.511296833747,30751,0.5755488592337494,137877.33444227988,109995.14718256728,2026-06-09 21:30:00+08:00,2026-07-16 23:59:00+08:00,13,34
26,26,2500,1.5,0.25,9510,10.700861409559987,30,0.0027579369348085395,0.004091342733165923,5.256318326782969,True,12,12,0,1.0,236381.62648878808,171743.97548075355,0.08587198774037673,-34290.37039301731,-0.016336907774939322,,14311.997956729463,29882,0.5592842838159052,64637.6510080345,51328.04802927206,2026-06-09 21:30:00+08:00,2026-07-16 23:59:00+08:00,40,43
27,27,780,1.5,0.0,9510,10.678316986654306,30,0.003090499742442765,0.004594372178105542,7.622572058713941,True,24,22,2,0.9166666666666666,323221.3012553789,193317.92417592325,0.09665896208796161,-27091.854975168128,-0.012680622937170323,24.91236940714841,8054.913507330136,25342,0.4743117033820584,129903.37707945559,103527.85135273178,2026-06-09 21:30:00+08:00,2026-07-16 23:59:00+08:00,32,8
28,28,2500,1.5,0.0,9510,10.540552476421238,30,0.003026737689009129,0.00455839211095892,7.462866031583927,True,13,13,0,1.0,259245.02825133366,189150.3910341618,0.09457519551708084,-26308.896068950882,-0.012672771441538003,,14550.030079550907,28488,0.5331935840086844,70094.63721717188,55706.1851953922,2026-06-09 21:30:00+08:00,2026-07-16 23:59:00+08:00,34,9
29,29,1560,0.75,0.25,9510,10.501835560327674,30,0.0032064770620860734,0.004846890341509822,5.27789484862151,True,25,23,2,0.92,334979.0704050797,200861.9757184615,0.10043098785923073,-40270.030771293445,-0.019028607188993445,69.8328931752258,8034.47902873846,51805,0.9696045218888618,134117.0946866182,106337.96362803654,2026-06-09 21:30:00+08:00,2026-07-16 23:59:00+08:00,24,42
30,30,780,2.0,0.5,9510,10.477638427842534,30,0.0031200866050211623,0.004727194939615568,5.509021717103657,True,16,14,2,0.875,282627.6587477728,195218.09062047667,0.09760904531023838,-37534.47061101021,-0.01771803603663336,649.0575489796678,12201.130663779792,31348,0.5867225663965262,87409.56812729614,69678.21659384173,2026-06-09 21:30:00+08:00,2026-07-16 23:59:00+08:00,29,33
31,31,1560,1.5,-0.25,9510,10.414085491338994,30,0.0028305204720428783,0.004314648610939948,6.30531247032217,True,20,20,0,1.0,284341.0321114717,176406.1352645605,0.0882030676322803,-29599.925607499667,-0.01398869097248301,,8820.306763228025,23913,0.44756592861554584,107934.89684691116,85886.71266876548,2026-06-09 21:30:00+08:00,2026-07-16 23:59:00+08:00,38,17
32,32,3900,0.75,0.25,9510,10.384308981667706,30,0.0032500129894809807,0.004968299465901665,5.232477506195661,True,22,22,0,1.0,319532.89040311065,203692.90978979753,0.10184645489489869,-39123.38633052516,-0.019464289100966904,,9258.768626808978,37743,0.7064141196728368,115839.98061331314,92289.61861692482,2026-06-09 21:30:00+08:00,2026-07-16 23:59:00+08:00,22,44
33,33,780,1.5,-0.25,9510,10.36785354273871,30,0.002659237524067178,0.004071632264130762,6.558943230070399,True,27,25,2,0.9259259259259259,311180.01884078985,165344.82884424957,0.08267241442212463,-25735.879869880388,-0.0126045327001919,12.588813910426419,6123.882549787021,18597,0.3480694005128301,145835.18999654034,116271.53006353948,2026-06-09 21:30:00+08:00,2026-07-16 23:59:00+08:00,44,15
34,34,780,1.0,0.0,9510,10.355858685036738,30,0.0032720214269333727,0.005015685464682271,6.579747170241174,True,38,32,6,0.8421052631578947,410123.6953116827,205127.78701828347,0.10256389350914163,-32148.690533093642,-0.015587816804423239,11.787263346522998,5398.099658375881,28551,0.5343727189354096,204995.90829339932,162588.1040146197,2026-06-09 21:30:00+08:00,2026-07-16 23:59:00+08:00,20,14
35,35,2500,1.5,-0.25,9510,10.192411913522488,30,0.002977022279941529,0.004636661469562821,7.333637141015374,True,13,13,0,1.0,255951.83118051116,185875.01464652407,0.09293750732326204,-26308.896068950882,-0.012672771441538003,,14298.078049732621,28411,0.5317524190982426,70076.81653398712,55690.22006022752,2026-06-09 21:30:00+08:00,2026-07-16 23:59:00+08:00,35,10
36,36,780,0.75,0.25,9510,10.142440482952802,30,0.0030939829161917695,0.004842567843913615,6.446661293969257,True,37,32,5,0.8648648648648649,390248.058821381,193470.65190813973,0.09673532595406985,-31681.442224913742,-0.015005492229685483,11.878430519006034,5228.93653805783,44856,0.8395440678283329,196777.40691324126,156222.45075817662,2026-06-09 21:30:00+08:00,2026-07-16 23:59:00+08:00,31,16
37,37,1560,1.5,0.25,9510,10.023635880868273,30,0.002853980565921044,0.004519870582161081,4.600162161415325,True,15,15,0,1.0,258336.97045529564,177876.97548559846,0.08893848774279933,-40467.10535771167,-0.019333772293678397,,11858.465032373231,33273,0.6227516891575736,80459.99496969713,63976.343681723665,2026-06-09 21:30:00+08:00,2026-07-16 23:59:00+08:00,37,55
38,38,780,1.0,0.5,9510,10.008226645541981,30,0.0032734054251765863,0.005192098661653296,5.6065351634404905,True,25,21,4,0.84,338882.9683124637,205159.68822409378,0.10257984411204676,-38719.61235579499,-0.01829647743600308,16.48168054949565,8206.38752896375,42609,0.7974882554418012,133723.2800883699,106138.34921702778,2026-06-09 21:30:00+08:00,2026-07-16 23:59:00+08:00,19,28
39,39,1560,2.0,0.5,9510,9.927904268012302,30,0.0024568455998001653,0.003928443883790179,3.934712828016288,True,9,9,0,1.0,201630.14038708512,152306.30317785768,0.07615315158892888,-40467.10535771167,-0.019354182863536195,,16922.92257531752,31687,0.5930674352879522,49323.83720922744,39283.1523686165,2026-06-09 21:30:00+08:00,2026-07-16 23:59:00+08:00,49,64
40,40,1560,0.75,-0.25,9510,9.806856368238622,30,0.002662267736374739,0.004309453359629568,5.093694639698572,True,44,32,12,0.7272727272727273,403359.41101931036,165478.72150743025,0.08273936075371503,-34108.98756355955,-0.01624348662538029,8.653777307200025,3760.8800342597783,40498,0.7579778771828033,237880.68951188002,188681.213302813,2026-06-09 21:30:00+08:00,2026-07-16 23:59:00+08:00,43,47
41,41,1560,1.5,0.0,9510,9.801625866595941,30,0.002805699371578818,0.0045440519104729665,4.8978472820721946,True,16,16,0,1.0,260806.1537076418,174726.7702330129,0.08736338511650636,-37416.981512833154,-0.01783709864459972,,10920.423139563307,33136,0.6201875386026315,86079.38347462885,68499.97328360128,2026-06-09 21:30:00+08:00,2026-07-16 23:59:00+08:00,39,50
42,42,2500,2.0,0.5,9510,9.792276648684014,30,0.0019278020826345665,0.003125208817474887,4.665550741965038,True,7,7,0,1.0,155474.32740700123,118662.14903774613,0.05933107451887312,-25577.619544072077,-0.01271684261950263,,16951.735576820876,27431,0.513410320238073,36812.178369255125,29418.063586950346,2026-06-09 21:30:00+08:00,2026-07-16 23:59:00+08:00,60,53
43,43,780,1.5,0.5,9510,9.537976979465148,30,0.0030333394628995164,0.005048530864447773,5.294450850503414,True,19,16,3,0.8421052631578947,292227.7928238207,189431.06841483116,0.09471553420741553,-37416.98151283292,-0.017889586074523605,57.76244076204595,9970.056232359535,39312,0.7357801942765165,102796.7244089896,81944.70062629599,2026-06-09 21:30:00+08:00,2026-07-16 23:59:00+08:00,33,40
44,44,780,0.75,0.5,9510,9.504655202117318,30,0.003142394596675328,0.005248372159055673,5.362857519536308,True,30,26,4,0.8666666666666667,355520.3741714809,196518.22948622442,0.09825911474311212,-38743.20986808534,-0.018322156496823724,15.82958215326875,6550.607649540814,45329,0.848396937992476,159002.14468525647,126253.34786255169,2026-06-09 21:30:00+08:00,2026-07-16 23:59:00+08:00,27,38
45,45,3900,1.5,0.5,9510,9.387725006766987,30,0.002222952650282443,0.003758980936071168,3.7291611154745836,True,8,8,0,1.0,179312.77777385237,137332.07397176282,0.06866603698588139,-37251.57209950243,-0.01841326637804512,,17166.509246470352,30574,0.5722360515824739,41980.70380208957,33386.372294166875,2026-06-09 21:30:00+08:00,2026-07-16 23:59:00+08:00,54,68
46,46,1560,1.0,-0.25,9510,9.246056892929774,30,0.0027139579728014656,0.004659580585235891,5.578233054923593,True,33,25,8,0.7575757575757576,346752.61931504315,168732.84701097762,0.08436642350548879,-32102.252682344755,-0.015124219923192933,15.722862533090227,5113.116576090231,34633,0.6482060304329109,178019.77230406553,141121.88014412535,2026-06-09 21:30:00+08:00,2026-07-16 23:59:00+08:00,42,29
47,47,3900,1.0,-0.25,9510,9.21291803267271,30,0.0026467714727460828,0.004560574013101118,4.22216910148126,True,23,23,0,1.0,287139.9347073932,164405.60106142127,0.08220280053071072,-39143.21971901087,-0.019469329284294082,,7148.069611366142,27568,0.5159744707930151,122734.33364597187,97944.70873489612,2026-06-09 21:30:00+08:00,2026-07-16 23:59:00+08:00,45,58
48,48,1560,2.0,0.25,9510,9.092319625239506,30,0.0022121633412755413,0.0038622712146338233,3.5235534973724305,True,9,9,0,1.0,185721.41973151185,136617.49768842084,0.06830874884421052,-40467.10535771167,-0.019386323748213113,,15179.721965380093,26078,0.48808699395459393,49103.922043091,39088.823121486355,2026-06-09 21:30:00+08:00,2026-07-16 23:59:00+08:00,55,72
49,49,780,0.75,0.0,9510,9.054625407814116,30,0.002881831292877731,0.005052407081237091,6.050403910266522,True,45,35,10,0.7777777777777778,419791.1356774231,179531.33925859877,0.08976566962929931,-30767.517054760363,-0.014836310263019303,8.872734750047536,3989.5853168577505,32405,0.6065058301671377,240259.79641882426,190637.9038304419,2026-06-09 21:30:00+08:00,2026-07-16 23:59:00+08:00,36,19
50,50,390,2.5,0.5,9510,9.03807614997171,30,0.002057476574400071,0.003613758893293265,5.382892239320662,True,23,18,5,0.782608695652174,249185.35808709628,126802.23387449059,0.06340111693724525,-23966.864011339145,-0.011778262338992443,11.51430101836871,5513.140603238721,6211,0.11624773063317674,122383.12421260567,97316.5115290774,2026-06-09 21:30:00+08:00,2026-07-16 23:59:00+08:00,57,37
51,51,1560,2.0,0.0,9510,9.007169837471471,30,0.002241219568998076,0.003949992985626808,3.8644217905089935,True,10,10,0,1.0,193202.9313043843,138455.52766267047,0.06922776383133512,-37514.163123309845,-0.01791413245866646,,13845.552766267047,25929,0.48529824627075185,54747.40364171383,43634.03716506724,2026-06-09 21:30:00+08:00,2026-07-16 23:59:00+08:00,52,65
52,52,1560,2.0,-0.25,9510,8.815929674965606,30,0.002353532860314415,0.004237916735084268,5.574337526673671,True,12,12,0,1.0,211692.43327758077,145584.7311675519,0.07279236558377603,-27268.29160542693,-0.013058478291897194,,12132.060930629325,17993,0.336764678358195,66107.7021100289,52790.16461419083,2026-06-09 21:30:00+08:00,2026-07-16 23:59:00+08:00,50,30
53,53,3900,0.75,-0.25,9510,8.767993787871577,30,0.0025811902040813258,0.004673261089214133,4.113442875088029,True,29,28,1,0.9655172413793104,313915.4540596324,160130.48264205168,0.08006524132102588,-39123.38633052516,-0.019464289100966904,64.7116083305465,5521.740780760402,29209,0.5466881281700949,153784.97141758073,122719.85486014833,2026-06-09 21:30:00+08:00,2026-07-16 23:59:00+08:00,46,61
54,54,2500,2.0,0.25,9510,8.726901346277218,30,0.0016331689561323766,0.0029707856675064777,3.934908456109118,True,7,7,0,1.0,136710.8643887599,100079.22311697969,0.05003961155848973,-25577.619544072077,-0.01271684261950263,,14297.031873854241,17749,0.33219787007056095,36631.6412717802,29259.012234735193,2026-06-09 21:30:00+08:00,2026-07-16 23:59:00+08:00,67,63
55,55,780,1.0,-0.25,9510,8.716481337563682,30,0.0027295877330767845,0.004971141480448995,5.3911525106918265,True,44,36,8,0.8181818181818182,407101.7726451591,169653.73932728896,0.08482686966364458,-32148.690533093642,-0.015734459282206258,5.799729754111815,3855.766802892931,20635,0.3862134795710195,237448.03331787023,188599.99652925396,2026-06-09 21:30:00+08:00,2026-07-16 23:59:00+08:00,41,36
56,56,2500,2.0,0.0,9510,8.712315832453147,30,0.0015746928846094262,0.0028692112481462045,3.7911175804329895,True,7,7,0,1.0,133055.93173635233,96422.09124479195,0.048211045622395934,-25577.619544072077,-0.01271684261950263,,13774.584463541707,17603,0.32946527166894385,36633.8404915604,29260.98246453412,2026-06-09 21:30:00+08:00,2026-07-16 23:59:00+08:00,69,67
57,57,3900,1.5,0.0,9510,8.350641691591738,30,0.0020588055120861334,0.003913773995342346,3.4436823420075253,True,9,9,0,1.0,174317.6131370243,126818.88056950978,0.06340944028475484,-37251.57209950243,-0.01841326637804512,,14090.98672994553,24089,0.45086001983941304,47498.73256751453,37822.7795721465,2026-06-09 21:30:00+08:00,2026-07-16 23:59:00+08:00,56,73
58,58,3900,1.5,0.25,9510,8.25725948502968,30,0.0019425085694980396,0.0037344554355991646,3.2440783575606624,True,8,8,0,1.0,161273.5356129856,119468.15789803096,0.059734078949015584,-37251.57209950243,-0.01841326637804512,,14933.51973725387,25859,0.4839880963521683,41805.377714954666,33232.88524151083,2026-06-09 21:30:00+08:00,2026-07-16 23:59:00+08:00,59,77
59,59,2500,2.0,-0.25,9510,8.231252690208501,30,0.0015079703136080906,0.0029082191382760426,3.626278180993628,True,7,7,0,1.0,128833.35935720596,92229.61784446445,0.04611480892223224,-25577.619544072077,-0.01271684261950263,,13175.659692066349,17532,0.32813640532295196,36603.741512741515,29234.017490173675,2026-06-09 21:30:00+08:00,2026-07-16 23:59:00+08:00,71,70
60,60,390,2.5,0.25,9510,8.19818654417665,30,0.0017730407643378816,0.0034332165301727982,4.6177730486562085,True,23,20,3,0.8695652173913043,231232.5926541892,108804.07700390155,0.05440203850195068,-23966.864011339145,-0.011781011740666186,13.20703411331054,4730.612043647893,5921,0.11081996668475921,122428.5156502876,97353.59315442259,2026-06-09 21:30:00+08:00,2026-07-16 23:59:00+08:00,66,54
61,61,3900,2.0,0.5,9510,8.173523897981807,30,0.0014300375178192936,0.0027773995781008266,2.9829122382636095,True,5,5,0,1.0,113243.30086995247,87373.26532704498,0.0436866326635225,-29589.973237881204,-0.014645631240211423,,17474.653065408995,19214,0.3596174362237736,25870.035542907484,20636.55204198001,2026-06-09 21:30:00+08:00,2026-07-16 23:59:00+08:00,72,79
62,62,390,2.0,0.5,9510,7.938003746321705,30,0.0022393188319488814,0.004478214617824347,5.521653724619856,True,30,22,8,0.7333333333333333,299157.38051914354,138195.13438619324,0.06909756719309651,-25456.753519758815,-0.012513926196604007,6.852611975216757,4606.504479539774,19762,0.3698740384435419,160962.2461329503,127994.12721031904,2026-06-09 21:30:00+08:00,2026-07-16 23:59:00+08:00,53,32
63,63,780,0.75,-0.25,9510,7.934506959461593,30,0.0025085818757625685,0.005018900723602406,5.211031402535073,True,62,41,21,0.6612903225806451,488457.242032244,155337.9031503469,0.07766895157517353,-30444.779410567367,-0.014904717622194521,3.8077363702609284,2505.4500508120464,28529,0.5339609575324262,333119.33888189716,264535.6767742444,2026-06-09 21:30:00+08:00,2026-07-16 23:59:00+08:00,48,45
64,64,3900,1.5,-0.25,9510,7.926094978808281,30,0.0018476304482995384,0.0037004633636270254,3.0810040187879766,True,9,9,0,1.0,160838.98100059325,113462.69541954112,0.05673134770977055,-37251.57209950243,-0.01841326637804512,,12606.96615772679,22466,0.42048325815568327,47376.28558105212,37713.08216778139,2026-06-09 21:30:00+08:00,2026-07-16 23:59:00+08:00,65,78
65,65,390,2.5,0.0,9510,7.669433559116537,30,0.001619198828455896,0.003351484088288983,4.193051319297314,True,23,17,6,0.7391304347826086,221629.28659338626,99126.97960711035,0.04956348980355519,-23966.864011339145,-0.011820387118911108,8.757585134521394,4309.868678570015,5758,0.1077691890172004,122502.30698627596,97419.70109432717,2026-06-09 21:30:00+08:00,2026-07-16 23:59:00+08:00,68,59
66,66,390,2.0,0.0,9510,7.6398538530313695,30,0.0019223184377589778,0.003994298811069339,4.711984825459756,True,31,22,9,0.7096774193548387,284636.94631868496,118123.94815580186,0.05906197407790087,-25456.753519758815,-0.012534415170180032,5.292581074602982,3810.449940509737,18130,0.33932882891313704,166512.99816288322,132452.68348536512,2026-06-09 21:30:00+08:00,2026-07-16 23:59:00+08:00,63,52
67,67,780,2.5,0.25,9510,7.5489229330285355,30,0.0019263507169004046,0.004050891747094375,6.138442332157694,True,9,9,0,1.0,166698.9316423063,118367.99920047824,0.059183999600239096,-19415.870921781752,-0.009641533861153928,,13151.999911164248,6393,0.11965412042149394,48330.93244182806,38402.59087145861,2026-06-09 21:30:00+08:00,2026-07-16 23:59:00+08:00,61,18
68,68,3900,2.0,0.25,9510,7.471549374054304,30,0.001332717526163374,0.002831572648936799,2.7751332660876455,True,5,5,0,1.0,107154.1052304507,81287.15691512627,0.04064357845756318,-29589.973237881204,-0.014645631240211423,,16257.431383025254,18991,0.35544367291171464,25866.94831532443,20633.786266665076,2026-06-09 21:30:00+08:00,2026-07-16 23:59:00+08:00,74,82
69,69,390,2.0,0.25,9510,7.305734952332534,30,0.0019246986737444887,0.004182145182672903,4.717131584532043,True,30,22,8,0.7333333333333333,279202.5961129266,118227.94341496639,0.05911397170748329,-25456.753519758815,-0.012531762289889059,5.884184515932546,3940.931447165546,19462,0.364259110221041,160974.65269796026,128001.65845619011,2026-06-09 21:30:00+08:00,2026-07-16 23:59:00+08:00,62,51
70,70,780,2.5,0.0,9510,6.860159483510747,30,0.0015387367850300334,0.0035606590862751445,4.476434780887252,True,9,9,0,1.0,142299.47697851196,94031.99956537854,0.04701599978268926,-21918.23901809426,-0.010503001179293503,,10447.999951708727,4889,0.09150461359935616,48267.4774131334,38345.742988608894,2026-06-09 21:30:00+08:00,2026-07-16 23:59:00+08:00,70,56
71,71,780,2.5,-0.25,9510,6.753071652286211,30,0.0012879627310188066,0.003027625880180057,4.172256062834266,True,9,9,0,1.0,126753.87446905475,78463.8718760585,0.039231935938029316,-19453.23589547351,-0.009403050854788278,,8718.207986228723,4841,0.09060622508375601,48290.00259299623,38365.92277281753,2026-06-09 21:30:00+08:00,2026-07-16 23:59:00+08:00,77,60
72,72,390,2.5,-0.25,9510,6.66272747189441,30,0.0013243619918193192,0.0031554036910206727,3.419981382435703,True,23,17,6,0.7391304347826086,203249.70793865112,80706.8462447287,0.040353423122364326,-23966.864011339145,-0.011799310759295628,5.265517786767237,3508.9933149882045,4071,0.07619457597933707,122542.8616939224,97456.03311271433,2026-06-09 21:30:00+08:00,2026-07-16 23:59:00+08:00,75,75
73,73,3900,2.0,0.0,9510,6.619335368210716,30,0.0012412311990976663,0.0029767239968999716,2.9744718901643634,True,5,5,0,1.0,101487.6434232754,75564.87023864257,0.037782435119321334,-25556.51358713233,-0.012702233039840074,,15112.974047728514,16006,0.2995751370978308,25922.773184632835,20683.798467365777,2026-06-09 21:30:00+08:00,2026-07-16 23:59:00+08:00,79,80
74,74,3900,2.0,-0.25,9510,6.3637448047686735,30,0.0011373507290370565,0.002837147567798591,2.7215062419573144,True,5,5,0,1.0,95046.5921634036,69138.41300944227,0.034569206504721194,-25556.51358713233,-0.012702233039840074,,13827.682601888455,15977,0.299032360702989,25908.179153961337,20670.72401506491,2026-06-09 21:30:00+08:00,2026-07-16 23:59:00+08:00,84,84
75,75,390,1.5,0.5,9510,6.0396267276296385,30,0.0022915189300016198,0.006023010513857268,3.3072089806632503,True,36,25,11,0.6944444444444444,337147.9340754073,141034.21839419712,0.07051710919709853,-43618.13074301579,-0.02132224168759863,3.5216087777626868,3917.6171776165866,28918,0.541241647794269,196113.7156812101,155943.21384018447,2026-06-09 21:30:00+08:00,2026-07-16 23:59:00+08:00,51,76
76,76,1560,2.5,-0.25,9510,5.809289996810215,30,0.0012295511227708481,0.0033598802919580124,4.065931725902704,True,5,5,0,1.0,101950.23422907646,74766.86408949981,0.03738343204474996,-18763.22105982504,-0.009194308848471926,,14953.372817899963,7736,0.1447902824308896,27183.370139576647,21805.075039662377,2026-06-09 21:30:00+08:00,2026-07-16 23:59:00+08:00,80,62
77,77,390,1.5,0.25,9510,5.636200551336303,30,0.0020660567483584357,0.005819103455508334,2.956964726167649,True,37,24,13,0.6486486486486487,328304.9515290997,126705.98183928798,0.06335299091964401,-43940.46320688911,-0.021425007325586925,3.3116483606213842,3424.485995656432,28541,0.5341855546613262,201598.96968981175,160187.20941390467,2026-06-09 21:30:00+08:00,2026-07-16 23:59:00+08:00,58,81
78,78,390,1.5,0.0,9510,5.545737371864635,30,0.001920932572007672,0.005498612209774179,2.743553568248846,True,38,25,13,0.6578947368421053,324676.25887314935,117595.76147767411,0.058797880738837176,-43940.463206888875,-0.02143128584012546,2.8727901132105127,3094.6253020440554,26108,0.488648486776844,207080.49739547528,164587.33273538828,2026-06-09 21:30:00+08:00,2026-07-16 23:59:00+08:00,64,83
79,79,390,2.0,-0.25,9510,5.418573138055401,30,0.0012908316902895658,0.003781681505370969,2.476091732415184,True,32,20,12,0.625,250601.86916313955,78487.07888660122,0.03924353944330057,-32146.848602820886,-0.015848984482098472,2.848873890979859,2452.721215206288,12309,0.23038050496921147,172114.79027653835,136804.6663410387,2026-06-09 21:30:00+08:00,2026-07-16 23:59:00+08:00,76,85
80,80,780,2.5,0.5,9510,4.30383173782341,30,0.0011555598472949772,0.004262235376154097,1.920678040005049,True,6,5,1,0.8333333333333334,101923.78474825996,69963.92352036046,0.03498196176018019,-37514.163123309845,-0.0182133397849898,155.07640550484604,11660.653920060076,10209,0.19107600741170525,31959.861227899488,25265.390879305203,2026-06-09 21:30:00+08:00,2026-07-16 23:59:00+08:00,83,88
81,81,390,1.0,0.5,9510,3.6422697908254618,30,0.00140357067964119,0.006117337559979419,1.754148497887285,True,44,31,13,0.7045454545454546,321931.47961762256,84820.8837972423,0.04241044189862115,-49105.02727037738,-0.024177224419540726,2.0064747292204483,1927.7473590282343,36290,0.6792191506485242,237110.5958203803,188609.45922933694,2026-06-09 21:30:00+08:00,2026-07-16 23:59:00+08:00,73,89
82,82,390,1.5,-0.25,9510,3.3400458331830123,30,0.0010802010481099078,0.005133959499938762,1.2032094749199507,True,42,24,18,0.5714285714285714,293764.196294619,65046.54096012908,0.03252327048006456,-54858.78935913718,-0.02703043082521298,1.8080946541102356,1548.7271657173592,20327,0.3804488199292519,228717.65533448994,181461.31221344764,2026-06-09 21:30:00+08:00,2026-07-16 23:59:00+08:00,88,95
83,83,390,0.75,0.5,9510,2.978575395860385,30,0.0011821715700479666,0.00630045890872114,1.3592436001446875,True,47,31,16,0.6595744680851063,325528.8132019716,70969.63165957356,0.03548481582978682,-52972.776213949546,-0.026106296050251453,1.770347951756254,1509.99216296965,40461,0.757285369368695,254559.18154239806,202546.24218979513,2026-06-09 21:30:00+08:00,2026-07-16 23:59:00+08:00,82,91
84,84,390,1.0,0.25,9510,2.7569641270957215,30,0.0009840727690526019,0.0056662583164909346,1.2213289408968637,True,47,33,14,0.7021276595744681,312858.0775271128,58935.40259122884,0.029467701295614476,-49006.1700790599,-0.0241275714583291,1.6967551209977894,1253.9447359835924,34698,0.6494225982144528,253922.67493588396,201979.59424701642,2026-06-09 21:30:00+08:00,2026-07-16 23:59:00+08:00,92,94
85,85,390,1.0,0.0,9510,2.2423136123958867,30,0.000772964826154036,0.005472221256380058,0.8650188043925192,True,51,32,19,0.6274509803921569,321429.2116060626,46011.78154770079,0.023005890773850377,-54009.61817707424,-0.026595827347368282,1.4699408481188634,902.1917950529566,32166,0.6020326040165453,275417.4300583618,219199.02126427996,2026-06-09 21:30:00+08:00,2026-07-16 23:59:00+08:00,97,96
86,86,390,0.75,0.25,9510,2.203316749724651,30,0.0008168030858724084,0.0058849219085687875,0.8375071808218856,True,53,35,18,0.660377358490566,335574.61724122893,48563.640411075154,0.024281820205537603,-58884.751771236304,-0.028992969566790698,1.4942154789425748,916.2951020957577,40037,0.7493496041475604,287010.97683015367,228245.17832638926,2026-06-09 21:30:00+08:00,2026-07-16 23:59:00+08:00,96,97
87,87,390,0.75,0.0,9510,1.634838073440423,30,0.0005692836639880035,0.0055278245283127215,0.5570182255839201,True,62,38,24,0.6129032258064516,368875.95938733686,33538.00504077688,0.01676900252038846,-61231.40968118142,-0.030104944057817096,1.2875065033004813,540.9355651738207,37489,0.7016601471111195,335337.95434656,266487.447646585,2026-06-09 21:30:00+08:00,2026-07-16 23:59:00+08:00,98,98
88,88,3900,2.5,0.5,9510,7.04991566629686,30,0.0011698563046182405,0.002634200746398451,2.416291988870046,False,3,3,0,1.0,87081.94816140042,71188.04203961356,0.035594021019806736,-29928.511780074332,-0.01473084427865521,,23729.347346537852,10512,0.19674708491643114,15893.906121786842,12712.406525599126,2026-06-09 21:30:00+08:00,2026-07-16 23:59:00+08:00,81,86
89,89,2500,2.5,0.5,9510,6.621324042006314,30,0.0012604179199908231,0.0030218297819128346,4.348126640468098,False,3,3,0,1.0,92663.56222968493,76750.5129189036,0.038375256459451744,-17871.71530086361,-0.008825698888871473,,25583.504306301198,11619,0.21746617005745944,15913.049310781333,12729.556462928216,2026-06-09 21:30:00+08:00,2026-07-16 23:59:00+08:00,78,57
90,90,3900,2.5,0.25,9510,6.397021651418366,30,0.0010924678308747067,0.0027110099230554683,2.253036804380958,False,3,3,0,1.0,82258.95972219403,66378.26863882961,0.03318913431941485,-29928.511780074332,-0.01473084427865521,,22126.089546276537,10291,0.19261075445918882,15880.691083364425,12700.567480348556,2026-06-09 21:30:00+08:00,2026-07-16 23:59:00+08:00,86,87
91,91,2500,2.5,0.0,9510,6.239847402273432,30,0.0010694651987456967,0.002720777066460116,3.6797511826622866,False,3,3,0,1.0,80860.0123168087,64952.751848292144,0.03247637592414603,-17871.71530086361,-0.008825698888871473,,21650.917282764047,7441,0.1392689363454304,15907.260468516564,12724.370373918839,2026-06-09 21:30:00+08:00,2026-07-16 23:59:00+08:00,89,69
92,92,2500,2.5,0.25,9510,6.229500695744297,30,0.0011142379975086528,0.0028393896590400277,3.8357077775099597,False,3,3,0,1.0,83620.0097476662,67705.60374001073,0.03385280187000532,-17871.71530086361,-0.008825698888871473,,22568.534580003576,7495,0.14027962342548053,15914.406007655467,12730.771896071183,2026-06-09 21:30:00+08:00,2026-07-16 23:59:00+08:00,85,66
93,93,2500,2.5,-0.25,9510,6.1457726728527255,30,0.001083090225315638,0.0027976180078590047,4.930049081247175,False,3,3,0,1.0,81669.96606521521,65783.48615562118,0.03289174307781062,-13532.915356251644,-0.0066716867389664735,,21927.828718540393,7374,0.13801493570907186,15886.47990959402,12705.753554992392,2026-06-09 21:30:00+08:00,2026-07-16 23:59:00+08:00,87,49
94,94,3900,2.5,-0.25,9510,5.684066953101986,30,0.0009956018809495963,0.0027805249342285547,3.4205255960454704,False,3,3,0,1.0,76255.71263063306,60377.05790474999,0.03018852895237494,-17871.71530086361,-0.008825698888871473,,20125.685968249996,7387,0.13825824926538022,15878.654725883061,12698.743155091404,2026-06-09 21:30:00+08:00,2026-07-16 23:59:00+08:00,91,74
95,95,3900,2.5,0.0,9510,5.571324665677479,30,0.0010333973618607958,0.00294448367926311,3.551242140538864,False,3,3,0,1.0,78580.77776102915,62684.38762773472,0.0313421938138674,-17871.71530086361,-0.008825698888871473,,20894.795875911575,7412,0.13872615995058862,15896.390133294428,12714.631893676102,2026-06-09 21:30:00+08:00,2026-07-16 23:59:00+08:00,90,71
96,96,1560,2.5,0.5,9510,4.849978109926098,30,0.0008900862085288249,0.0029133493386569523,1.4560168599254062,False,3,3,0,1.0,69990.89134535585,53848.68624450297,0.02692434312225145,-37824.33153242618,-0.018491779774878994,,17949.56208150099,10324,0.19322839656366392,16142.20510085288,12934.851800056036,2026-06-09 21:30:00+08:00,2026-07-16 23:59:00+08:00,93,90
97,97,1560,2.5,0.25,9510,4.717396993353034,30,0.0008163145934282652,0.002746979415360425,1.3318409209025563,False,3,3,0,1.0,65447.41622802109,49339.83505288975,0.024669917526444887,-37824.33153242618,-0.018523171303166358,,16446.611684296582,10262,0.19206797806434708,16107.581175131341,12903.833031115168,2026-06-09 21:30:00+08:00,2026-07-16 23:59:00+08:00,94,92
98,98,1560,2.5,0.0,9510,4.62004709973621,30,0.0008139411719611041,0.0027967064530166775,1.328514061332074,False,3,3,0,1.0,65278.433531112285,49185.92892061637,0.024592964460308196,-37824.33153242618,-0.018511632790434548,,16395.309640205454,10175,0.19043964887982182,16092.504610495918,12890.326287870355,2026-06-09 21:30:00+08:00,2026-07-16 23:59:00+08:00,95,93
99,99,390,1.0,-0.25,9510,-0.36089141459370017,30,-0.00011820597787769449,0.005199518885163996,-0.11291184990139656,False,59,31,28,0.5254237288135594,311107.697640636,-7864.003292778581,-0.003932001646389254,-70241.12704424607,-0.034823640298365356,0.9389434767851326,-133.28819140302681,26448,0.4950120720956784,318971.7009334147,253513.13398907744,2026-06-09 21:30:00+08:00,2026-07-16 23:59:00+08:00,99,99
100,100,390,0.75,-0.25,9510,-1.308696576969033,30,-0.0004236544326884177,0.005138934221038599,-0.3416594230743588,False,73,37,36,0.5068493150684932,369156.4667406444,-26022.585303894826,-0.013011292651947354,-77057.16232014238,-0.038082639532864795,0.8317102398473724,-356.4737712862305,26910,0.5036590615583297,395179.05204453925,313702.92584248394,2026-06-09 21:30:00+08:00,2026-07-16 23:59:00+08:00,100,100
